id;checkpoint;extraction;predicted_action
1;;1;
2;;28;
3;;19;
4;;14;
5;;20;
6;;19;
7;;36;
8;;26;
9;;31;
10;;0;
11;;20;
12;;34;
13;;35;
14;;16;
15;;25;
16;;12;
17;;36;
18;;28;
19;;6;
20;;27;
21;;33;
22;;9;
23;;3;
24;;3;
25;;23;
26;;16;
27;;3;
28;;25;
29;;14;
30;;26;
31;;33;
32;;10;
33;;13;
34;;36;
35;;22;
36;;23;
37;;6;
38;;23;
39;;29;
40;;24;
41;;10;
42;;18;
43;;22;
44;;4;
45;;0;
46;;3;
47;;28;
48;;13;
49;;24;
50;;24;
51;;26;
52;;10;
53;;20;
54;;25;
55;;33;
56;;14;
57;;18;
58;;20;
59;;10;
60;;13;
61;;14;
62;;16;
63;;30;
64;;33;
65;;0;
66;;22;
67;;23;
68;;13;
69;;31;
70;;12;
71;;29;
72;;28;
73;;0;
74;;17;
75;;27;
76;;30;
77;;29;
78;;20;
79;;18;
80;;34;
81;;13;
82;;22;
83;;7;
84;;29;
85;;30;
86;;12;
87;;16;
88;;23;
89;;7;
90;;13;
91;;22;
92;;16;
93;;34;
94;;0;
95;;27;
96;;13;
97;;35;
98;;0;
99;;28;
100;;17;
101;;30;
102;;3;
103;;16;
104;;6;
105;;22;
106;;14;
107;;30;
108;;18;
109;;33;
110;;6;
111;;8;
112;;32;
113;;36;
114;;2;
115;;26;
116;;7;
117;;15;
118;;14;
119;;15;
120;;8;
121;;19;
122;;21;
123;;18;
124;;14;
125;;23;
126;;26;
127;;36;
128;;26;
129;;0;
130;;1;
131;;28;
132;;21;
133;;19;
134;;12;
135;;8;
136;;17;
137;;12;
138;;18;
139;;31;
140;;7;
141;;18;
142;;34;
143;;31;
144;;13;
145;;11;
146;;5;
147;;29;
148;;7;
149;;24;
150;;7;
151;;5;
152;;19;
153;;7;
154;;8;
155;;0;
156;;18;
157;;30;
158;;35;
159;;2;
160;;16;
161;;35;
162;;22;
163;;27;
164;;24;
165;;1;
166;;15;
167;;34;
168;;33;
169;;24;
170;;29;
171;;26;
172;;23;
173;;3;
174;;1;
175;;32;
176;;3;
177;;19;
178;;28;
179;;22;
180;;26;
181;;18;
182;;30;
183;;33;
184;;2;
185;;24;
186;;7;
187;;2;
188;;12;
189;;3;
190;;11;
191;;33;
192;;35;
193;;7;
194;;17;
195;;1;
196;;20;
197;;10;
198;;3;
199;;13;
200;;11;
201;;31;
202;;0;
203;;32;
204;;16;
205;;25;
206;;3;
207;;23;
208;;30;
209;;7;
210;;25;
211;;6;
212;;2;
213;;9;
214;;33;
215;;24;
216;;26;
217;;0;
218;;20;
219;;13;
220;;24;
221;;7;
222;;14;
223;;19;
224;;6;
225;;35;
226;;13;
227;;22;
228;;19;
229;;35;
230;;27;
231;;0;
232;;6;
233;;24;
234;;33;
235;;5;
236;;26;
237;;29;
238;;15;
239;;12;
240;;33;
241;;16;
242;;6;
243;;11;
244;;19;
245;;25;
246;;16;
247;;16;
248;;32;
249;;26;
250;;33;
251;;25;
252;;17;
253;;32;
254;;9;
255;;15;
256;;25;
257;;7;
258;;24;
259;;16;
260;;3;
261;;28;
262;;32;
263;;11;
264;;13;
265;;13;
266;;21;
267;;25;
268;;27;
269;;25;
270;;10;
271;;24;
272;;15;
273;;30;
274;;13;
275;;17;
276;;32;
277;;3;
278;;19;
279;;23;
280;;27;
281;;34;
282;;15;
283;;4;
284;;17;
285;;17;
286;;17;
287;;14;
288;;7;
289;;26;
290;;27;
291;;32;
292;;23;
293;;34;
294;;23;
295;;28;
296;;16;
297;;32;
298;;3;
299;;24;
300;;7;
301;;14;
302;;6;
303;;10;
304;;26;
305;;25;
306;;7;
307;;23;
308;;27;
309;;14;
310;;19;
311;;3;
312;;7;
313;;20;
314;;35;
315;;35;
316;;3;
317;;9;
318;;7;
319;;22;
320;;29;
321;;1;
322;;34;
323;;25;
324;;32;
325;;6;
326;;3;
327;;36;
328;;32;
329;;33;
330;;25;
331;;6;
332;;19;
333;;1;
334;;24;
335;;17;
336;;4;
337;;17;
338;;36;
339;;28;
340;;14;
341;;16;
342;;19;
343;;21;
344;;3;
345;;1;
346;;20;
347;;12;
348;;16;
349;;30;
350;;25;
351;;13;
352;;25;
353;;5;
354;;9;
355;;9;
356;;30;
357;;11;
358;;21;
359;;16;
360;;6;
361;;33;
362;;4;
363;;7;
364;;4;
365;;32;
366;;15;
367;;15;
368;;9;
369;;18;
370;;25;
371;;34;
372;;1;
373;;13;
374;;27;
375;;33;
376;;22;
377;;24;
378;;9;
379;;8;
380;;28;
381;;14;
382;;18;
383;;10;
384;;33;
385;;14;
386;;12;
387;;14;
388;;28;
389;;13;
390;;9;
391;;26;
392;;16;
393;;33;
394;;18;
395;;31;
396;;14;
397;;23;
398;;21;
399;;13;
400;;35;
401;;25;
402;;4;
403;;36;
404;;22;
405;;29;
406;;32;
407;;23;
408;;28;
409;;22;
410;;4;
411;;31;
412;;15;
413;;9;
414;;7;
415;;22;
416;;34;
417;;31;
418;;26;
419;;6;
420;;21;
421;;9;
422;;9;
423;;5;
424;;20;
425;;0;
426;;18;
427;;17;
428;;35;
429;;7;
430;;21;
431;;23;
432;;20;
433;;21;
434;;35;
435;;22;
436;;13;
437;;4;
438;;14;
439;;14;
440;;19;
441;;14;
442;;18;
443;;11;
444;;23;
445;;3;
446;;30;
447;;2;
448;;14;
449;;19;
450;;2;
451;;15;
452;;34;
453;;22;
454;;32;
455;;25;
456;;32;
457;;0;
458;;15;
459;;1;
460;;16;
461;;35;
462;;36;
463;;32;
464;;17;
465;;20;
466;;28;
467;;15;
468;;5;
469;;25;
470;;17;
471;;22;
472;;30;
473;;1;
474;;34;
475;;33;
476;;2;
477;;27;
478;;29;
479;;0;
480;;15;
481;;18;
482;;25;
483;;15;
484;;10;
485;;35;
486;;1;
487;;28;
488;;12;
489;;27;
490;;4;
491;;30;
492;;18;
493;;29;
494;;6;
495;;27;
496;;7;
497;;33;
498;;27;
499;;1;
500;;34;
501;;34;
502;;8;
503;;29;
504;;36;
505;;31;
506;;36;
507;;22;
508;;9;
509;;36;
510;;21;
511;;17;
512;;25;
513;;7;
514;;32;
515;;22;
516;;22;
517;;12;
518;;36;
519;;9;
520;;32;
521;;36;
522;;36;
523;;21;
524;;11;
525;;1;
526;;3;
527;;15;
528;;1;
529;;13;
530;;31;
531;;13;
532;;34;
533;;14;
534;;2;
535;;4;
536;;24;
537;;22;
538;;6;
539;;20;
540;;3;
541;;33;
542;;3;
543;;24;
544;;25;
545;;10;
546;;33;
547;;27;
548;;6;
549;;2;
550;;21;
551;;18;
552;;35;
553;;13;
554;;23;
555;;34;
556;;22;
557;;21;
558;;30;
559;;26;
560;;15;
561;;4;
562;;36;
563;;1;
564;;26;
565;;9;
566;;17;
567;;5;
568;;5;
569;;19;
570;;25;
571;;26;
572;;10;
573;;12;
574;;27;
575;;30;
576;;32;
577;;10;
578;;21;
579;;32;
580;;17;
581;;1;
582;;17;
583;;1;
584;;18;
585;;5;
586;;28;
587;;10;
588;;4;
589;;17;
590;;16;
591;;8;
592;;2;
593;;13;
594;;30;
595;;15;
596;;31;
597;;30;
598;;22;
599;;18;
600;;6;
601;;2;
602;;13;
603;;35;
604;;11;
605;;4;
606;;6;
607;;18;
608;;32;
609;;22;
610;;27;
611;;25;
612;;27;
613;;34;
614;;16;
615;;0;
616;;10;
617;;5;
618;;8;
619;;20;
620;;6;
621;;12;
622;;36;
623;;24;
624;;18;
625;;28;
626;;33;
627;;7;
628;;31;
629;;7;
630;;22;
631;;28;
632;;29;
633;;3;
634;;35;
635;;0;
636;;25;
637;;32;
638;;35;
639;;11;
640;;35;
641;;5;
642;;33;
643;;13;
644;;36;
645;;20;
646;;33;
647;;21;
648;;12;
649;;10;
650;;34;
651;;8;
652;;27;
653;;7;
654;;2;
655;;7;
656;;24;
657;;4;
658;;6;
659;;7;
660;;22;
661;;33;
662;;11;
663;;29;
664;;1;
665;;0;
666;;13;
667;;2;
668;;21;
669;;33;
670;;11;
671;;8;
672;;23;
673;;6;
674;;33;
675;;8;
676;;27;
677;;36;
678;;0;
679;;6;
680;;6;
681;;2;
682;;27;
683;;27;
684;;8;
685;;30;
686;;2;
687;;4;
688;;14;
689;;13;
690;;28;
691;;4;
692;;26;
693;;2;
694;;27;
695;;32;
696;;8;
697;;29;
698;;31;
699;;20;
700;;9;
701;;35;
702;;21;
703;;2;
704;;14;
705;;1;
706;;4;
707;;29;
708;;5;
709;;2;
710;;10;
711;;12;
712;;27;
713;;34;
714;;14;
715;;26;
716;;6;
717;;21;
718;;31;
719;;35;
720;;1;
721;;20;
722;;2;
723;;35;
724;;25;
725;;4;
726;;34;
727;;26;
728;;9;
729;;12;
730;;24;
731;;5;
732;;15;
733;;24;
734;;9;
735;;26;
736;;0;
737;;15;
738;;7;
739;;18;
740;;29;
741;;28;
742;;31;
743;;34;
744;;6;
745;;14;
746;;9;
747;;19;
748;;33;
749;;23;
750;;9;
751;;17;
752;;12;
753;;30;
754;;32;
755;;11;
756;;31;
757;;7;
758;;5;
759;;7;
760;;21;
761;;3;
762;;27;
763;;12;
764;;26;
765;;34;
766;;10;
767;;20;
768;;7;
769;;30;
770;;25;
771;;5;
772;;11;
773;;24;
774;;11;
775;;5;
776;;5;
777;;20;
778;;8;
779;;34;
780;;30;
781;;16;
782;;14;
783;;0;
784;;0;
785;;18;
786;;27;
787;;35;
788;;0;
789;;29;
790;;33;
791;;19;
792;;3;
793;;28;
794;;14;
795;;20;
796;;26;
797;;10;
798;;22;
799;;6;
800;;31;
801;;24;
802;;18;
803;;23;
804;;24;
805;;3;
806;;16;
807;;23;
808;;16;
809;;9;
810;;11;
811;;2;
812;;27;
813;;31;
814;;17;
815;;22;
816;;24;
817;;18;
818;;34;
819;;29;
820;;18;
821;;3;
822;;19;
823;;30;
824;;9;
825;;20;
826;;5;
827;;19;
828;;5;
829;;18;
830;;31;
831;;7;
832;;7;
833;;26;
834;;5;
835;;4;
836;;8;
837;;21;
838;;22;
839;;16;
840;;23;
841;;2;
842;;1;
843;;26;
844;;8;
845;;9;
846;;27;
847;;1;
848;;20;
849;;20;
850;;17;
851;;11;
852;;12;
853;;29;
854;;3;
855;;0;
856;;14;
857;;35;
858;;25;
859;;15;
860;;32;
861;;34;
862;;22;
863;;7;
864;;35;
865;;25;
866;;28;
867;;31;
868;;7;
869;;5;
870;;4;
871;;5;
872;;21;
873;;19;
874;;15;
875;;16;
876;;7;
877;;23;
878;;21;
879;;25;
880;;7;
881;;28;
882;;12;
883;;0;
884;;27;
885;;12;
886;;2;
887;;12;
888;;14;
889;;0;
890;;35;
891;;23;
892;;2;
893;;16;
894;;14;
895;;2;
896;;18;
897;;7;
898;;14;
899;;4;
900;;34;
901;;23;
902;;17;
903;;13;
904;;32;
905;;7;
906;;32;
907;;5;
908;;10;
909;;6;
910;;15;
911;;31;
912;;9;
913;;10;
914;;6;
915;;28;
916;;32;
917;;31;
918;;6;
919;;36;
920;;15;
921;;5;
922;;16;
923;;21;
924;;6;
925;;35;
926;;35;
927;;18;
928;;18;
929;;8;
930;;2;
931;;34;
932;;27;
933;;10;
934;;1;
935;;20;
936;;0;
937;;9;
938;;20;
939;;15;
940;;21;
941;;4;
942;;18;
943;;9;
944;;16;
945;;29;
946;;4;
947;;30;
948;;4;
949;;0;
950;;34;
951;;6;
952;;1;
953;;30;
954;;30;
955;;36;
956;;36;
957;;30;
958;;21;
959;;36;
960;;29;
961;;4;
962;;9;
963;;30;
964;;8;
965;;36;
966;;28;
967;;12;
968;;1;
969;;27;
970;;8;
971;;15;
972;;11;
973;;35;
974;;25;
975;;27;
976;;16;
977;;23;
978;;1;
979;;31;
980;;8;
981;;1;
982;;15;
983;;36;
984;;9;
985;;33;
986;;4;
987;;0;
988;;31;
989;;35;
990;;29;
991;;16;
992;;24;
993;;0;
994;;8;
995;;10;
996;;23;
997;;21;
998;;7;
999;;36;
1000;;14;
1001;;9;
1002;;34;
1003;;3;
1004;;28;
1005;;4;
1006;;32;
1007;;14;
1008;;24;
1009;;24;
1010;;13;
1011;;10;
1012;;32;
1013;;26;
1014;;33;
1015;;34;
1016;;35;
1017;;14;
1018;;35;
1019;;15;
1020;;36;
1021;;27;
1022;;14;
1023;;27;
1024;;1;
1025;;13;
1026;;36;
1027;;25;
1028;;36;
1029;;4;
1030;;26;
1031;;16;
1032;;0;
1033;;13;
1034;;14;
1035;;2;
1036;;28;
1037;;13;
1038;;20;
1039;;31;
1040;;20;
1041;;31;
1042;;5;
1043;;27;
1044;;0;
1045;;3;
1046;;11;
1047;;33;
1048;;16;
1049;;35;
1050;;7;
1051;;33;
1052;;3;
1053;;27;
1054;;29;
1055;;2;
1056;;0;
1057;;9;
1058;;24;
1059;;30;
1060;;29;
1061;;17;
1062;;10;
1063;;16;
1064;;28;
1065;;26;
1066;;7;
1067;;13;
1068;;26;
1069;;20;
1070;;6;
1071;;5;
1072;;28;
1073;;21;
1074;;27;
1075;;0;
1076;;18;
1077;;11;
1078;;36;
1079;;9;
1080;;36;
1081;;8;
1082;;10;
1083;;15;
1084;;13;
1085;;2;
1086;;30;
1087;;1;
1088;;32;
1089;;21;
1090;;17;
1091;;17;
1092;;17;
1093;;22;
1094;;22;
1095;;2;
1096;;25;
1097;;22;
1098;;25;
1099;;16;
1100;;7;
1101;;18;
1102;;12;
1103;;19;
1104;;9;
1105;;32;
1106;;20;
1107;;27;
1108;;33;
1109;;28;
1110;;22;
1111;;20;
1112;;11;
1113;;27;
1114;;7;
1115;;25;
1116;;0;
1117;;25;
1118;;24;
1119;;9;
1120;;12;
1121;;15;
1122;;21;
1123;;28;
1124;;33;
1125;;27;
1126;;32;
1127;;21;
1128;;28;
1129;;35;
1130;;20;
1131;;32;
1132;;2;
1133;;5;
1134;;4;
1135;;12;
1136;;19;
1137;;3;
1138;;1;
1139;;33;
1140;;29;
1141;;11;
1142;;7;
1143;;34;
1144;;5;
1145;;23;
1146;;12;
1147;;12;
1148;;10;
1149;;12;
1150;;5;
1151;;13;
1152;;16;
1153;;9;
1154;;2;
1155;;20;
1156;;35;
1157;;5;
1158;;13;
1159;;32;
1160;;23;
1161;;28;
1162;;18;
1163;;7;
1164;;10;
1165;;26;
1166;;11;
1167;;2;
1168;;35;
1169;;11;
1170;;19;
1171;;27;
1172;;35;
1173;;34;
1174;;35;
1175;;33;
1176;;14;
1177;;20;
1178;;15;
1179;;29;
1180;;18;
1181;;25;
1182;;4;
1183;;9;
1184;;36;
1185;;31;
1186;;25;
1187;;12;
1188;;2;
1189;;17;
1190;;22;
1191;;29;
1192;;15;
1193;;24;
1194;;27;
1195;;32;
1196;;11;
1197;;22;
1198;;16;
1199;;16;
1200;;18;
1201;;30;
1202;;15;
1203;;13;
1204;;34;
1205;;13;
1206;;12;
1207;;2;
1208;;9;
1209;;13;
1210;;9;
1211;;26;
1212;;0;
1213;;8;
1214;;10;
1215;;15;
1216;;8;
1217;;24;
1218;;20;
1219;;25;
1220;;3;
1221;;4;
1222;;16;
1223;;22;
1224;;8;
1225;;16;
1226;;32;
1227;;22;
1228;;24;
1229;;29;
1230;;30;
1231;;26;
1232;;6;
1233;;23;
1234;;21;
1235;;12;
1236;;22;
1237;;21;
1238;;31;
1239;;20;
1240;;14;
1241;;34;
1242;;9;
1243;;9;
1244;;5;
1245;;3;
1246;;3;
1247;;27;
1248;;18;
1249;;3;
1250;;20;
1251;;33;
1252;;14;
1253;;1;
1254;;6;
1255;;12;
1256;;28;
1257;;23;
1258;;19;
1259;;1;
1260;;18;
1261;;32;
1262;;33;
1263;;15;
1264;;25;
1265;;20;
1266;;13;
1267;;26;
1268;;5;
1269;;19;
1270;;27;
1271;;28;
1272;;15;
1273;;12;
1274;;14;
1275;;31;
1276;;30;
1277;;29;
1278;;17;
1279;;24;
1280;;4;
1281;;27;
1282;;25;
1283;;30;
1284;;15;
1285;;25;
1286;;13;
1287;;35;
1288;;35;
1289;;7;
1290;;30;
1291;;11;
1292;;32;
1293;;29;
1294;;19;
1295;;0;
1296;;6;
1297;;5;
1298;;30;
1299;;8;
1300;;21;
1301;;9;
1302;;26;
1303;;2;
1304;;18;
1305;;6;
1306;;26;
1307;;36;
1308;;8;
1309;;30;
1310;;32;
1311;;19;
1312;;1;
1313;;12;
1314;;13;
1315;;26;
1316;;28;
1317;;19;
1318;;20;
1319;;10;
1320;;4;
1321;;22;
1322;;6;
1323;;21;
1324;;29;
1325;;10;
1326;;23;
1327;;4;
1328;;14;
1329;;36;
1330;;19;
1331;;16;
1332;;12;
1333;;0;
1334;;9;
1335;;1;
1336;;14;
1337;;8;
1338;;15;
1339;;16;
1340;;29;
1341;;30;
1342;;9;
1343;;20;
1344;;32;
1345;;16;
1346;;28;
1347;;9;
1348;;8;
1349;;21;
1350;;36;
1351;;7;
1352;;18;
1353;;32;
1354;;13;
1355;;21;
1356;;32;
1357;;10;
1358;;5;
1359;;27;
1360;;21;
1361;;13;
1362;;13;
1363;;35;
1364;;33;
1365;;36;
1366;;23;
1367;;18;
1368;;17;
1369;;1;
1370;;26;
1371;;26;
1372;;14;
1373;;8;
1374;;25;
1375;;4;
1376;;35;
1377;;13;
1378;;17;
1379;;11;
1380;;4;
1381;;11;
1382;;12;
1383;;0;
1384;;8;
1385;;19;
1386;;10;
1387;;22;
1388;;6;
1389;;29;
1390;;36;
1391;;11;
1392;;24;
1393;;11;
1394;;9;
1395;;4;
1396;;15;
1397;;2;
1398;;36;
1399;;26;
1400;;27;
1401;;24;
1402;;3;
1403;;30;
1404;;25;
1405;;22;
1406;;25;
1407;;20;
1408;;8;
1409;;12;
1410;;33;
1411;;29;
1412;;13;
1413;;0;
1414;;22;
1415;;4;
1416;;12;
1417;;19;
1418;;21;
1419;;6;
1420;;29;
1421;;6;
1422;;25;
1423;;11;
1424;;19;
1425;;28;
1426;;22;
1427;;16;
1428;;4;
1429;;14;
1430;;0;
1431;;7;
1432;;32;
1433;;3;
1434;;31;
1435;;18;
1436;;33;
1437;;28;
1438;;23;
1439;;19;
1440;;32;
1441;;34;
1442;;15;
1443;;0;
1444;;25;
1445;;3;
1446;;16;
1447;;4;
1448;;10;
1449;;24;
1450;;15;
1451;;23;
1452;;35;
1453;;8;
1454;;11;
1455;;23;
1456;;36;
1457;;20;
1458;;36;
1459;;6;
1460;;28;
1461;;11;
1462;;10;
1463;;28;
1464;;0;
1465;;24;
1466;;1;
1467;;34;
1468;;34;
1469;;23;
1470;;27;
1471;;18;
1472;;36;
1473;;13;
1474;;10;
1475;;23;
1476;;24;
1477;;0;
1478;;13;
1479;;20;
1480;;16;
1481;;12;
1482;;34;
1483;;29;
1484;;5;
1485;;19;
1486;;35;
1487;;5;
1488;;0;
1489;;0;
1490;;16;
1491;;14;
1492;;27;
1493;;11;
1494;;2;
1495;;14;
1496;;9;
1497;;11;
1498;;29;
1499;;19;
1500;;13;
1501;;8;
1502;;28;
1503;;25;
1504;;24;
1505;;30;
1506;;10;
1507;;18;
1508;;5;
1509;;4;
1510;;35;
1511;;0;
1512;;17;
1513;;18;
1514;;28;
1515;;10;
1516;;26;
1517;;6;
1518;;23;
1519;;5;
1520;;3;
1521;;30;
1522;;3;
1523;;21;
1524;;9;
1525;;15;
1526;;29;
1527;;9;
1528;;33;
1529;;34;
1530;;8;
1531;;30;
1532;;33;
1533;;4;
1534;;8;
1535;;11;
1536;;10;
1537;;9;
1538;;30;
1539;;15;
1540;;27;
1541;;8;
1542;;14;
1543;;32;
1544;;31;
1545;;28;
1546;;26;
1547;;18;
1548;;12;
1549;;26;
1550;;24;
1551;;27;
1552;;21;
1553;;9;
1554;;29;
1555;;22;
1556;;1;
1557;;16;
1558;;28;
1559;;21;
1560;;2;
1561;;20;
1562;;26;
1563;;2;
1564;;4;
1565;;5;
1566;;33;
1567;;9;
1568;;14;
1569;;9;
1570;;20;
1571;;23;
1572;;28;
1573;;24;
1574;;19;
1575;;24;
1576;;10;
1577;;35;
1578;;33;
1579;;14;
1580;;2;
1581;;11;
1582;;16;
1583;;36;
1584;;14;
1585;;29;
1586;;1;
1587;;19;
1588;;0;
1589;;25;
1590;;23;
1591;;10;
1592;;22;
1593;;26;
1594;;23;
1595;;18;
1596;;19;
1597;;17;
1598;;15;
1599;;18;
1600;;2;
1601;;18;
1602;;14;
1603;;10;
1604;;24;
1605;;9;
1606;;24;
1607;;3;
1608;;28;
1609;;17;
1610;;23;
1611;;36;
1612;;5;
1613;;11;
1614;;15;
1615;;23;
1616;;26;
1617;;20;
1618;;30;
1619;;19;
1620;;26;
1621;;24;
1622;;26;
1623;;10;
1624;;18;
1625;;36;
1626;;25;
1627;;30;
1628;;18;
1629;;22;
1630;;36;
1631;;16;
1632;;18;
1633;;7;
1634;;1;
1635;;20;
1636;;19;
1637;;31;
1638;;1;
1639;;31;
1640;;18;
1641;;22;
1642;;24;
1643;;18;
1644;;10;
1645;;28;
1646;;9;
1647;;15;
1648;;24;
1649;;13;
1650;;26;
1651;;28;
1652;;25;
1653;;10;
1654;;3;
1655;;35;
1656;;15;
1657;;24;
1658;;17;
1659;;28;
1660;;32;
1661;;24;
1662;;12;
1663;;16;
1664;;11;
1665;;24;
1666;;32;
1667;;13;
1668;;7;
1669;;8;
1670;;3;
1671;;3;
1672;;8;
1673;;17;
1674;;31;
1675;;19;
1676;;6;
1677;;24;
1678;;0;
1679;;16;
1680;;3;
1681;;13;
1682;;35;
1683;;30;
1684;;28;
1685;;19;
1686;;18;
1687;;30;
1688;;19;
1689;;7;
1690;;17;
1691;;11;
1692;;7;
1693;;17;
1694;;23;
1695;;23;
1696;;8;
1697;;34;
1698;;31;
1699;;9;
1700;;14;
1701;;29;
1702;;24;
1703;;14;
1704;;17;
1705;;18;
1706;;35;
1707;;30;
1708;;23;
1709;;35;
1710;;35;
1711;;6;
1712;;15;
1713;;12;
1714;;11;
1715;;24;
1716;;12;
1717;;12;
1718;;26;
1719;;12;
1720;;1;
1721;;5;
1722;;1;
1723;;22;
1724;;28;
1725;;22;
1726;;15;
1727;;12;
1728;;0;
1729;;18;
1730;;15;
1731;;5;
1732;;2;
1733;;27;
1734;;20;
1735;;28;
1736;;34;
1737;;15;
1738;;29;
1739;;13;
1740;;2;
1741;;10;
1742;;14;
1743;;3;
1744;;13;
1745;;12;
1746;;33;
1747;;10;
1748;;12;
1749;;0;
1750;;12;
1751;;23;
1752;;36;
1753;;19;
1754;;34;
1755;;22;
1756;;34;
1757;;21;
1758;;11;
1759;;29;
1760;;15;
1761;;18;
1762;;6;
1763;;3;
1764;;33;
1765;;34;
1766;;27;
1767;;21;
1768;;1;
1769;;32;
1770;;19;
1771;;18;
1772;;4;
1773;;9;
1774;;12;
1775;;13;
1776;;28;
1777;;1;
1778;;32;
1779;;35;
1780;;25;
1781;;19;
1782;;23;
1783;;8;
1784;;12;
1785;;32;
1786;;35;
1787;;12;
1788;;1;
1789;;10;
1790;;35;
1791;;35;
1792;;34;
1793;;4;
1794;;8;
1795;;34;
1796;;25;
1797;;9;
1798;;0;
1799;;32;
1800;;3;
1801;;3;
1802;;2;
1803;;32;
1804;;1;
1805;;9;
1806;;27;
1807;;0;
1808;;6;
1809;;1;
1810;;36;
1811;;12;
1812;;0;
1813;;30;
1814;;22;
1815;;1;
1816;;22;
1817;;33;
1818;;29;
1819;;17;
1820;;19;
1821;;7;
1822;;24;
1823;;1;
1824;;6;
1825;;19;
1826;;29;
1827;;17;
1828;;11;
1829;;27;
1830;;1;
1831;;10;
1832;;27;
1833;;19;
1834;;34;
1835;;34;
1836;;16;
1837;;13;
1838;;28;
1839;;17;
1840;;14;
1841;;30;
1842;;27;
1843;;31;
1844;;17;
1845;;7;
1846;;30;
1847;;26;
1848;;14;
1849;;6;
1850;;5;
1851;;16;
1852;;13;
1853;;0;
1854;;36;
1855;;20;
1856;;30;
1857;;34;
1858;;29;
1859;;5;
1860;;16;
1861;;30;
1862;;12;
1863;;13;
1864;;34;
1865;;14;
1866;;35;
1867;;20;
1868;;11;
1869;;10;
1870;;19;
1871;;22;
1872;;0;
1873;;24;
1874;;18;
1875;;31;
1876;;6;
1877;;13;
1878;;22;
1879;;27;
1880;;29;
1881;;0;
1882;;8;
1883;;7;
1884;;27;
1885;;27;
1886;;20;
1887;;12;
1888;;27;
1889;;18;
1890;;7;
1891;;3;
1892;;9;
1893;;35;
1894;;29;
1895;;10;
1896;;16;
1897;;23;
1898;;11;
1899;;27;
1900;;15;
1901;;25;
1902;;35;
1903;;26;
1904;;36;
1905;;8;
1906;;29;
1907;;28;
1908;;13;
1909;;32;
1910;;7;
1911;;7;
1912;;11;
1913;;25;
1914;;36;
1915;;26;
1916;;1;
1917;;22;
1918;;6;
1919;;29;
1920;;3;
1921;;5;
1922;;0;
1923;;17;
1924;;33;
1925;;9;
1926;;8;
1927;;6;
1928;;31;
1929;;28;
1930;;5;
1931;;26;
1932;;19;
1933;;3;
1934;;12;
1935;;0;
1936;;24;
1937;;19;
1938;;18;
1939;;15;
1940;;20;
1941;;32;
1942;;8;
1943;;2;
1944;;7;
1945;;24;
1946;;5;
1947;;35;
1948;;36;
1949;;24;
1950;;22;
1951;;0;
1952;;9;
1953;;25;
1954;;35;
1955;;31;
1956;;16;
1957;;8;
1958;;13;
1959;;30;
1960;;27;
1961;;29;
1962;;1;
1963;;19;
1964;;35;
1965;;28;
1966;;15;
1967;;31;
1968;;32;
1969;;22;
1970;;33;
1971;;15;
1972;;12;
1973;;4;
1974;;1;
1975;;19;
1976;;25;
1977;;35;
1978;;27;
1979;;19;
1980;;8;
1981;;8;
1982;;24;
1983;;22;
1984;;33;
1985;;36;
1986;;3;
1987;;29;
1988;;36;
1989;;1;
1990;;10;
1991;;21;
1992;;10;
1993;;1;
1994;;35;
1995;;26;
1996;;0;
1997;;20;
1998;;6;
1999;;34;
2000;;23;
2001;;14;
2002;;33;
2003;;31;
2004;;25;
2005;;36;
2006;;34;
2007;;32;
2008;;34;
2009;;16;
2010;;4;
2011;;17;
2012;;2;
2013;;36;
2014;;2;
2015;;14;
2016;;21;
2017;;7;
2018;;25;
2019;;11;
2020;;33;
2021;;14;
2022;;33;
2023;;14;
2024;;2;
2025;;19;
2026;;7;
2027;;12;
2028;;3;
2029;;6;
2030;;8;
2031;;35;
2032;;25;
2033;;29;
2034;;10;
2035;;1;
2036;;12;
2037;;29;
2038;;4;
2039;;17;
2040;;27;
2041;;12;
2042;;14;
2043;;29;
2044;;25;
2045;;28;
2046;;4;
2047;;7;
2048;;2;
2049;;17;
2050;;18;
2051;;31;
2052;;18;
2053;;28;
2054;;35;
2055;;25;
2056;;30;
2057;;27;
2058;;15;
2059;;28;
2060;;12;
2061;;24;
2062;;28;
2063;;30;
2064;;31;
2065;;34;
2066;;5;
2067;;25;
2068;;26;
2069;;12;
2070;;34;
2071;;30;
2072;;18;
2073;;26;
2074;;33;
2075;;32;
2076;;19;
2077;;24;
2078;;3;
2079;;16;
2080;;12;
2081;;11;
2082;;27;
2083;;25;
2084;;15;
2085;;8;
2086;;24;
2087;;2;
2088;;10;
2089;;8;
2090;;29;
2091;;36;
2092;;18;
2093;;26;
2094;;8;
2095;;31;
2096;;35;
2097;;22;
2098;;29;
2099;;36;
2100;;9;
2101;;6;
2102;;4;
2103;;31;
2104;;26;
2105;;21;
2106;;26;
2107;;2;
2108;;9;
2109;;9;
2110;;22;
2111;;19;
2112;;12;
2113;;33;
2114;;5;
2115;;24;
2116;;0;
2117;;28;
2118;;27;
2119;;32;
2120;;28;
2121;;11;
2122;;16;
2123;;35;
2124;;13;
2125;;13;
2126;;10;
2127;;34;
2128;;5;
2129;;33;
2130;;36;
2131;;0;
2132;;29;
2133;;34;
2134;;35;
2135;;29;
2136;;27;
2137;;32;
2138;;12;
2139;;30;
2140;;4;
2141;;4;
2142;;2;
2143;;19;
2144;;30;
2145;;14;
2146;;4;
2147;;8;
2148;;22;
2149;;15;
2150;;12;
2151;;5;
2152;;30;
2153;;15;
2154;;32;
2155;;7;
2156;;36;
2157;;15;
2158;;32;
2159;;23;
2160;;34;
2161;;35;
2162;;18;
2163;;9;
2164;;0;
2165;;15;
2166;;0;
2167;;14;
2168;;12;
2169;;24;
2170;;3;
2171;;26;
2172;;7;
2173;;30;
2174;;4;
2175;;1;
2176;;20;
2177;;11;
2178;;0;
2179;;20;
2180;;2;
2181;;36;
2182;;27;
2183;;11;
2184;;9;
2185;;33;
2186;;16;
2187;;30;
2188;;36;
2189;;11;
2190;;11;
2191;;1;
2192;;7;
2193;;11;
2194;;22;
2195;;7;
2196;;9;
2197;;6;
2198;;22;
2199;;13;
2200;;24;
2201;;0;
2202;;19;
2203;;14;
2204;;36;
2205;;10;
2206;;34;
2207;;0;
2208;;36;
2209;;8;
2210;;9;
2211;;13;
2212;;15;
2213;;9;
2214;;11;
2215;;15;
2216;;14;
2217;;6;
2218;;20;
2219;;31;
2220;;14;
2221;;36;
2222;;13;
2223;;20;
2224;;26;
2225;;13;
2226;;15;
2227;;17;
2228;;0;
2229;;36;
2230;;19;
2231;;20;
2232;;10;
2233;;9;
2234;;11;
2235;;13;
2236;;14;
2237;;27;
2238;;6;
2239;;16;
2240;;31;
2241;;3;
2242;;4;
2243;;23;
2244;;4;
2245;;10;
2246;;5;
2247;;32;
2248;;35;
2249;;17;
2250;;16;
2251;;12;
2252;;11;
2253;;35;
2254;;12;
2255;;27;
2256;;14;
2257;;11;
2258;;12;
2259;;4;
2260;;24;
2261;;19;
2262;;2;
2263;;33;
2264;;30;
2265;;22;
2266;;16;
2267;;9;
2268;;15;
2269;;24;
2270;;9;
2271;;24;
2272;;29;
2273;;18;
2274;;30;
2275;;2;
2276;;29;
2277;;0;
2278;;18;
2279;;4;
2280;;4;
2281;;29;
2282;;16;
2283;;22;
2284;;8;
2285;;24;
2286;;24;
2287;;28;
2288;;30;
2289;;15;
2290;;23;
2291;;6;
2292;;4;
2293;;28;
2294;;2;
2295;;31;
2296;;33;
2297;;22;
2298;;1;
2299;;8;
2300;;26;
2301;;27;
2302;;8;
2303;;35;
2304;;13;
2305;;30;
2306;;19;
2307;;20;
2308;;22;
2309;;17;
2310;;27;
2311;;32;
2312;;13;
2313;;34;
2314;;19;
2315;;36;
2316;;5;
2317;;14;
2318;;0;
2319;;20;
2320;;16;
2321;;27;
2322;;24;
2323;;10;
2324;;28;
2325;;25;
2326;;0;
2327;;31;
2328;;27;
2329;;15;
2330;;33;
2331;;35;
2332;;27;
2333;;33;
2334;;1;
2335;;4;
2336;;28;
2337;;27;
2338;;32;
2339;;9;
2340;;21;
2341;;8;
2342;;9;
2343;;4;
2344;;7;
2345;;2;
2346;;23;
2347;;8;
2348;;34;
2349;;21;
2350;;27;
2351;;20;
2352;;7;
2353;;7;
2354;;18;
2355;;20;
2356;;7;
2357;;9;
2358;;32;
2359;;26;
2360;;3;
2361;;15;
2362;;25;
2363;;27;
2364;;16;
2365;;5;
2366;;21;
2367;;16;
2368;;6;
2369;;32;
2370;;11;
2371;;17;
2372;;18;
2373;;18;
2374;;6;
2375;;16;
2376;;18;
2377;;21;
2378;;30;
2379;;31;
2380;;9;
2381;;24;
2382;;14;
2383;;24;
2384;;11;
2385;;1;
2386;;12;
2387;;28;
2388;;11;
2389;;6;
2390;;25;
2391;;29;
2392;;21;
2393;;2;
2394;;6;
2395;;36;
2396;;6;
2397;;11;
2398;;13;
2399;;28;
2400;;33;
2401;;32;
2402;;18;
2403;;14;
2404;;19;
2405;;35;
2406;;34;
2407;;30;
2408;;9;
2409;;24;
2410;;10;
2411;;30;
2412;;1;
2413;;0;
2414;;26;
2415;;31;
2416;;23;
2417;;18;
2418;;13;
2419;;11;
2420;;9;
2421;;27;
2422;;10;
2423;;25;
2424;;7;
2425;;14;
2426;;16;
2427;;6;
2428;;9;
2429;;35;
2430;;30;
2431;;7;
2432;;7;
2433;;4;
2434;;30;
2435;;14;
2436;;0;
2437;;33;
2438;;8;
2439;;9;
2440;;4;
2441;;10;
2442;;0;
2443;;18;
2444;;35;
2445;;0;
2446;;21;
2447;;36;
2448;;33;
2449;;17;
2450;;27;
2451;;5;
2452;;3;
2453;;31;
2454;;20;
2455;;15;
2456;;7;
2457;;5;
2458;;10;
2459;;29;
2460;;0;
2461;;27;
2462;;9;
2463;;1;
2464;;22;
2465;;26;
2466;;32;
2467;;3;
2468;;28;
2469;;19;
2470;;3;
2471;;6;
2472;;33;
2473;;30;
2474;;6;
2475;;11;
2476;;13;
2477;;35;
2478;;29;
2479;;5;
2480;;7;
2481;;27;
2482;;16;
2483;;13;
2484;;11;
2485;;28;
2486;;23;
2487;;19;
2488;;21;
2489;;5;
2490;;14;
2491;;31;
2492;;18;
2493;;3;
2494;;34;
2495;;25;
2496;;6;
2497;;24;
2498;;29;
2499;;11;
2500;;17;
2501;;20;
2502;;1;
2503;;17;
2504;;25;
2505;;25;
2506;;20;
2507;;8;
2508;;7;
2509;;3;
2510;;19;
2511;;6;
2512;;2;
2513;;24;
2514;;30;
2515;;29;
2516;;2;
2517;;20;
2518;;2;
2519;;14;
2520;;7;
2521;;19;
2522;;11;
2523;;15;
2524;;30;
2525;;26;
2526;;2;
2527;;12;
2528;;31;
2529;;28;
2530;;13;
2531;;27;
2532;;26;
2533;;30;
2534;;22;
2535;;3;
2536;;30;
2537;;33;
2538;;27;
2539;;35;
2540;;11;
2541;;19;
2542;;15;
2543;;31;
2544;;30;
2545;;4;
2546;;12;
2547;;28;
2548;;27;
2549;;12;
2550;;25;
2551;;20;
2552;;14;
2553;;20;
2554;;19;
2555;;0;
2556;;27;
2557;;16;
2558;;22;
2559;;35;
2560;;11;
2561;;25;
2562;;27;
2563;;25;
2564;;9;
2565;;13;
2566;;10;
2567;;19;
2568;;14;
2569;;23;
2570;;21;
2571;;8;
2572;;32;
2573;;24;
2574;;35;
2575;;22;
2576;;26;
2577;;5;
2578;;0;
2579;;0;
2580;;26;
2581;;24;
2582;;11;
2583;;1;
2584;;30;
2585;;24;
2586;;24;
2587;;4;
2588;;16;
2589;;10;
2590;;10;
2591;;29;
2592;;3;
2593;;29;
2594;;26;
2595;;4;
2596;;1;
2597;;36;
2598;;36;
2599;;24;
2600;;3;
2601;;6;
2602;;31;
2603;;23;
2604;;19;
2605;;30;
2606;;19;
2607;;14;
2608;;1;
2609;;8;
2610;;2;
2611;;5;
2612;;0;
2613;;30;
2614;;8;
2615;;34;
2616;;25;
2617;;35;
2618;;24;
2619;;12;
2620;;24;
2621;;1;
2622;;8;
2623;;4;
2624;;4;
2625;;24;
2626;;16;
2627;;4;
2628;;10;
2629;;21;
2630;;9;
2631;;12;
2632;;3;
2633;;31;
2634;;16;
2635;;33;
2636;;12;
2637;;3;
2638;;0;
2639;;36;
2640;;18;
2641;;2;
2642;;33;
2643;;8;
2644;;2;
2645;;0;
2646;;33;
2647;;13;
2648;;25;
2649;;36;
2650;;2;
2651;;34;
2652;;13;
2653;;1;
2654;;1;
2655;;15;
2656;;21;
2657;;34;
2658;;14;
2659;;22;
2660;;25;
2661;;14;
2662;;32;
2663;;31;
2664;;26;
2665;;23;
2666;;6;
2667;;15;
2668;;17;
2669;;16;
2670;;5;
2671;;32;
2672;;23;
2673;;1;
2674;;2;
2675;;13;
2676;;6;
2677;;19;
2678;;7;
2679;;33;
2680;;25;
2681;;34;
2682;;29;
2683;;16;
2684;;33;
2685;;1;
2686;;31;
2687;;22;
2688;;14;
2689;;21;
2690;;5;
2691;;7;
2692;;12;
2693;;31;
2694;;30;
2695;;27;
2696;;28;
2697;;8;
2698;;27;
2699;;30;
2700;;23;
2701;;36;
2702;;10;
2703;;32;
2704;;8;
2705;;11;
2706;;20;
2707;;3;
2708;;8;
2709;;0;
2710;;28;
2711;;34;
2712;;29;
2713;;21;
2714;;7;
2715;;11;
2716;;35;
2717;;6;
2718;;22;
2719;;16;
2720;;36;
2721;;10;
2722;;24;
2723;;0;
2724;;18;
2725;;9;
2726;;29;
2727;;15;
2728;;11;
2729;;3;
2730;;1;
2731;;4;
2732;;10;
2733;;21;
2734;;5;
2735;;24;
2736;;22;
2737;;36;
2738;;28;
2739;;14;
2740;;27;
2741;;14;
2742;;23;
2743;;28;
2744;;32;
2745;;26;
2746;;13;
2747;;25;
2748;;9;
2749;;0;
2750;;34;
2751;;25;
2752;;29;
2753;;28;
2754;;29;
2755;;33;
2756;;15;
2757;;2;
2758;;30;
2759;;29;
2760;;6;
2761;;13;
2762;;30;
2763;;32;
2764;;12;
2765;;5;
2766;;8;
2767;;2;
2768;;34;
2769;;4;
2770;;5;
2771;;17;
2772;;10;
2773;;0;
2774;;24;
2775;;14;
2776;;18;
2777;;21;
2778;;22;
2779;;10;
2780;;11;
2781;;35;
2782;;24;
2783;;18;
2784;;30;
2785;;27;
2786;;23;
2787;;12;
2788;;7;
2789;;36;
2790;;3;
2791;;31;
2792;;30;
2793;;31;
2794;;20;
2795;;28;
2796;;27;
2797;;10;
2798;;32;
2799;;25;
2800;;1;
2801;;12;
2802;;14;
2803;;18;
2804;;21;
2805;;26;
2806;;3;
2807;;20;
2808;;30;
2809;;31;
2810;;15;
2811;;24;
2812;;2;
2813;;9;
2814;;6;
2815;;12;
2816;;17;
2817;;32;
2818;;8;
2819;;8;
2820;;8;
2821;;4;
2822;;14;
2823;;11;
2824;;30;
2825;;1;
2826;;13;
2827;;24;
2828;;35;
2829;;35;
2830;;22;
2831;;19;
2832;;13;
2833;;25;
2834;;19;
2835;;2;
2836;;7;
2837;;10;
2838;;19;
2839;;20;
2840;;7;
2841;;8;
2842;;29;
2843;;23;
2844;;30;
2845;;27;
2846;;18;
2847;;16;
2848;;34;
2849;;13;
2850;;31;
2851;;7;
2852;;27;
2853;;15;
2854;;1;
2855;;15;
2856;;24;
2857;;23;
2858;;4;
2859;;8;
2860;;23;
2861;;25;
2862;;2;
2863;;6;
2864;;26;
2865;;24;
2866;;16;
2867;;35;
2868;;21;
2869;;33;
2870;;19;
2871;;33;
2872;;2;
2873;;15;
2874;;22;
2875;;35;
2876;;3;
2877;;16;
2878;;27;
2879;;33;
2880;;13;
2881;;35;
2882;;27;
2883;;30;
2884;;36;
2885;;16;
2886;;4;
2887;;0;
2888;;11;
2889;;30;
2890;;4;
2891;;6;
2892;;25;
2893;;7;
2894;;35;
2895;;10;
2896;;19;
2897;;31;
2898;;5;
2899;;11;
2900;;33;
2901;;16;
2902;;8;
2903;;22;
2904;;9;
2905;;20;
2906;;0;
2907;;24;
2908;;32;
2909;;30;
2910;;7;
2911;;8;
2912;;14;
2913;;34;
2914;;0;
2915;;28;
2916;;7;
2917;;26;
2918;;13;
2919;;25;
2920;;2;
2921;;18;
2922;;29;
2923;;26;
2924;;14;
2925;;30;
2926;;15;
2927;;18;
2928;;28;
2929;;32;
2930;;35;
2931;;9;
2932;;2;
2933;;7;
2934;;30;
2935;;21;
2936;;18;
2937;;23;
2938;;9;
2939;;0;
2940;;35;
2941;;32;
2942;;8;
2943;;28;
2944;;2;
2945;;8;
2946;;36;
2947;;19;
2948;;32;
2949;;34;
2950;;8;
2951;;23;
2952;;25;
2953;;17;
2954;;1;
2955;;9;
2956;;10;
2957;;27;
2958;;10;
2959;;30;
2960;;15;
2961;;29;
2962;;7;
2963;;18;
2964;;11;
2965;;1;
2966;;17;
2967;;27;
2968;;36;
2969;;1;
2970;;30;
2971;;5;
2972;;17;
2973;;32;
2974;;25;
2975;;6;
2976;;32;
2977;;19;
2978;;22;
2979;;12;
2980;;17;
2981;;34;
2982;;14;
2983;;31;
2984;;10;
2985;;32;
2986;;13;
2987;;35;
2988;;22;
2989;;15;
2990;;15;
2991;;24;
2992;;20;
2993;;13;
2994;;12;
2995;;18;
2996;;20;
2997;;28;
2998;;30;
2999;;3;
3000;;26;
3001;;4;
3002;;23;
3003;;30;
3004;;0;
3005;;2;
3006;;2;
3007;;16;
3008;;3;
3009;;31;
3010;;29;
3011;;16;
3012;;32;
3013;;2;
3014;;2;
3015;;8;
3016;;24;
3017;;3;
3018;;18;
3019;;5;
3020;;30;
3021;;5;
3022;;16;
3023;;7;
3024;;33;
3025;;7;
3026;;15;
3027;;10;
3028;;34;
3029;;27;
3030;;26;
3031;;29;
3032;;26;
3033;;31;
3034;;23;
3035;;36;
3036;;25;
3037;;8;
3038;;20;
3039;;6;
3040;;13;
3041;;23;
3042;;13;
3043;;8;
3044;;36;
3045;;2;
3046;;35;
3047;;21;
3048;;11;
3049;;18;
3050;;29;
3051;;2;
3052;;17;
3053;;8;
3054;;9;
3055;;9;
3056;;11;
3057;;1;
3058;;4;
3059;;3;
3060;;0;
3061;;31;
3062;;6;
3063;;19;
3064;;6;
3065;;25;
3066;;7;
3067;;2;
3068;;2;
3069;;21;
3070;;31;
3071;;25;
3072;;31;
3073;;33;
3074;;5;
3075;;4;
3076;;1;
3077;;22;
3078;;16;
3079;;6;
3080;;34;
3081;;26;
3082;;10;
3083;;32;
3084;;15;
3085;;15;
3086;;26;
3087;;25;
3088;;20;
3089;;13;
3090;;24;
3091;;12;
3092;;4;
3093;;31;
3094;;31;
3095;;13;
3096;;15;
3097;;9;
3098;;27;
3099;;31;
3100;;25;
3101;;1;
3102;;24;
3103;;14;
3104;;34;
3105;;14;
3106;;23;
3107;;27;
3108;;30;
3109;;11;
3110;;9;
3111;;23;
3112;;22;
3113;;35;
3114;;9;
3115;;25;
3116;;21;
3117;;26;
3118;;24;
3119;;8;
3120;;0;
3121;;3;
3122;;35;
3123;;8;
3124;;7;
3125;;33;
3126;;31;
3127;;13;
3128;;31;
3129;;34;
3130;;25;
3131;;27;
3132;;22;
3133;;8;
3134;;23;
3135;;17;
3136;;1;
3137;;36;
3138;;32;
3139;;21;
3140;;25;
3141;;30;
3142;;17;
3143;;13;
3144;;36;
3145;;9;
3146;;34;
3147;;14;
3148;;30;
3149;;5;
3150;;4;
3151;;36;
3152;;24;
3153;;13;
3154;;4;
3155;;23;
3156;;4;
3157;;35;
3158;;9;
3159;;36;
3160;;14;
3161;;26;
3162;;8;
3163;;10;
3164;;2;
3165;;35;
3166;;13;
3167;;17;
3168;;29;
3169;;12;
3170;;33;
3171;;28;
3172;;31;
3173;;27;
3174;;30;
3175;;20;
3176;;33;
3177;;26;
3178;;23;
3179;;3;
3180;;13;
3181;;20;
3182;;27;
3183;;24;
3184;;6;
3185;;25;
3186;;32;
3187;;29;
3188;;35;
3189;;20;
3190;;31;
3191;;11;
3192;;9;
3193;;15;
3194;;5;
3195;;15;
3196;;22;
3197;;2;
3198;;15;
3199;;10;
3200;;36;
3201;;22;
3202;;31;
3203;;4;
3204;;16;
3205;;24;
3206;;0;
3207;;28;
3208;;23;
3209;;16;
3210;;4;
3211;;33;
3212;;19;
3213;;34;
3214;;13;
3215;;23;
3216;;16;
3217;;10;
3218;;33;
3219;;5;
3220;;7;
3221;;3;
3222;;20;
3223;;29;
3224;;17;
3225;;8;
3226;;27;
3227;;25;
3228;;0;
3229;;18;
3230;;26;
3231;;6;
3232;;35;
3233;;33;
3234;;12;
3235;;31;
3236;;29;
3237;;17;
3238;;32;
3239;;35;
3240;;15;
3241;;4;
3242;;21;
3243;;25;
3244;;35;
3245;;35;
3246;;9;
3247;;26;
3248;;17;
3249;;27;
3250;;2;
3251;;0;
3252;;14;
3253;;8;
3254;;10;
3255;;25;
3256;;23;
3257;;19;
3258;;9;
3259;;2;
3260;;36;
3261;;32;
3262;;29;
3263;;33;
3264;;12;
3265;;20;
3266;;10;
3267;;33;
3268;;0;
3269;;27;
3270;;1;
3271;;31;
3272;;17;
3273;;11;
3274;;21;
3275;;22;
3276;;34;
3277;;31;
3278;;33;
3279;;7;
3280;;11;
3281;;36;
3282;;28;
3283;;20;
3284;;33;
3285;;35;
3286;;6;
3287;;5;
3288;;12;
3289;;6;
3290;;11;
3291;;36;
3292;;35;
3293;;5;
3294;;30;
3295;;13;
3296;;15;
3297;;18;
3298;;3;
3299;;9;
3300;;36;
3301;;14;
3302;;12;
3303;;16;
3304;;27;
3305;;36;
3306;;4;
3307;;9;
3308;;17;
3309;;32;
3310;;29;
3311;;21;
3312;;1;
3313;;35;
3314;;30;
3315;;33;
3316;;30;
3317;;36;
3318;;0;
3319;;21;
3320;;32;
3321;;17;
3322;;1;
3323;;29;
3324;;15;
3325;;15;
3326;;30;
3327;;8;
3328;;22;
3329;;22;
3330;;18;
3331;;10;
3332;;33;
3333;;5;
3334;;4;
3335;;4;
3336;;28;
3337;;35;
3338;;1;
3339;;9;
3340;;1;
3341;;23;
3342;;10;
3343;;32;
3344;;12;
3345;;3;
3346;;10;
3347;;20;
3348;;28;
3349;;29;
3350;;36;
3351;;0;
3352;;10;
3353;;23;
3354;;21;
3355;;4;
3356;;9;
3357;;24;
3358;;0;
3359;;25;
3360;;20;
3361;;4;
3362;;30;
3363;;22;
3364;;18;
3365;;21;
3366;;8;
3367;;35;
3368;;13;
3369;;14;
3370;;20;
3371;;36;
3372;;8;
3373;;20;
3374;;21;
3375;;31;
3376;;32;
3377;;19;
3378;;28;
3379;;2;
3380;;22;
3381;;10;
3382;;13;
3383;;36;
3384;;31;
3385;;26;
3386;;27;
3387;;25;
3388;;2;
3389;;8;
3390;;23;
3391;;26;
3392;;31;
3393;;35;
3394;;25;
3395;;28;
3396;;32;
3397;;3;
3398;;16;
3399;;19;
3400;;3;
3401;;20;
3402;;27;
3403;;16;
3404;;30;
3405;;29;
3406;;31;
3407;;0;
3408;;4;
3409;;29;
3410;;25;
3411;;3;
3412;;14;
3413;;2;
3414;;32;
3415;;33;
3416;;20;
3417;;24;
3418;;32;
3419;;6;
3420;;9;
3421;;18;
3422;;2;
3423;;22;
3424;;25;
3425;;20;
3426;;1;
3427;;10;
3428;;26;
3429;;5;
3430;;35;
3431;;22;
3432;;12;
3433;;6;
3434;;2;
3435;;10;
3436;;4;
3437;;3;
3438;;2;
3439;;6;
3440;;18;
3441;;32;
3442;;19;
3443;;31;
3444;;30;
3445;;21;
3446;;20;
3447;;29;
3448;;22;
3449;;19;
3450;;7;
3451;;8;
3452;;23;
3453;;1;
3454;;25;
3455;;28;
3456;;17;
3457;;23;
3458;;14;
3459;;14;
3460;;7;
3461;;4;
3462;;1;
3463;;14;
3464;;21;
3465;;17;
3466;;11;
3467;;9;
3468;;4;
3469;;19;
3470;;23;
3471;;22;
3472;;16;
3473;;10;
3474;;1;
3475;;30;
3476;;23;
3477;;20;
3478;;16;
3479;;5;
3480;;8;
3481;;0;
3482;;34;
3483;;24;
3484;;22;
3485;;0;
3486;;34;
3487;;22;
3488;;5;
3489;;6;
3490;;21;
3491;;35;
3492;;21;
3493;;9;
3494;;28;
3495;;24;
3496;;16;
3497;;17;
3498;;36;
3499;;27;
3500;;7;
3501;;13;
3502;;5;
3503;;26;
3504;;32;
3505;;24;
3506;;31;
3507;;0;
3508;;29;
3509;;5;
3510;;27;
3511;;30;
3512;;8;
3513;;10;
3514;;30;
3515;;25;
3516;;14;
3517;;4;
3518;;14;
3519;;24;
3520;;16;
3521;;20;
3522;;24;
3523;;2;
3524;;36;
3525;;2;
3526;;22;
3527;;24;
3528;;34;
3529;;27;
3530;;13;
3531;;16;
3532;;2;
3533;;9;
3534;;35;
3535;;5;
3536;;21;
3537;;5;
3538;;26;
3539;;15;
3540;;22;
3541;;10;
3542;;0;
3543;;0;
3544;;34;
3545;;33;
3546;;3;
3547;;20;
3548;;27;
3549;;34;
3550;;36;
3551;;18;
3552;;29;
3553;;13;
3554;;9;
3555;;28;
3556;;22;
3557;;19;
3558;;1;
3559;;1;
3560;;12;
3561;;6;
3562;;11;
3563;;11;
3564;;3;
3565;;22;
3566;;4;
3567;;34;
3568;;27;
3569;;1;
3570;;10;
3571;;16;
3572;;5;
3573;;12;
3574;;27;
3575;;0;
3576;;11;
3577;;28;
3578;;36;
3579;;4;
3580;;7;
3581;;7;
3582;;7;
3583;;36;
3584;;3;
3585;;32;
3586;;31;
3587;;13;
3588;;34;
3589;;25;
3590;;26;
3591;;0;
3592;;11;
3593;;10;
3594;;7;
3595;;7;
3596;;22;
3597;;28;
3598;;25;
3599;;26;
3600;;17;
3601;;24;
3602;;25;
3603;;11;
3604;;26;
3605;;6;
3606;;4;
3607;;3;
3608;;5;
3609;;32;
3610;;16;
3611;;19;
3612;;17;
3613;;25;
3614;;12;
3615;;33;
3616;;2;
3617;;18;
3618;;13;
3619;;33;
3620;;8;
3621;;18;
3622;;8;
3623;;35;
3624;;25;
3625;;16;
3626;;31;
3627;;18;
3628;;23;
3629;;29;
3630;;18;
3631;;33;
3632;;24;
3633;;23;
3634;;6;
3635;;22;
3636;;26;
3637;;25;
3638;;12;
3639;;1;
3640;;31;
3641;;8;
3642;;35;
3643;;14;
3644;;19;
3645;;0;
3646;;17;
3647;;19;
3648;;34;
3649;;29;
3650;;27;
3651;;8;
3652;;11;
3653;;17;
3654;;27;
3655;;20;
3656;;1;
3657;;22;
3658;;0;
3659;;28;
3660;;3;
3661;;22;
3662;;30;
3663;;5;
3664;;14;
3665;;22;
3666;;12;
3667;;18;
3668;;23;
3669;;0;
3670;;23;
3671;;23;
3672;;29;
3673;;7;
3674;;24;
3675;;16;
3676;;13;
3677;;27;
3678;;3;
3679;;13;
3680;;9;
3681;;24;
3682;;18;
3683;;3;
3684;;30;
3685;;12;
3686;;12;
3687;;25;
3688;;19;
3689;;29;
3690;;9;
3691;;9;
3692;;7;
3693;;31;
3694;;5;
3695;;31;
3696;;17;
3697;;21;
3698;;24;
3699;;13;
3700;;15;
3701;;22;
3702;;9;
3703;;19;
3704;;0;
3705;;33;
3706;;14;
3707;;14;
3708;;23;
3709;;11;
3710;;18;
3711;;8;
3712;;31;
3713;;18;
3714;;24;
3715;;18;
3716;;30;
3717;;5;
3718;;12;
3719;;4;
3720;;5;
3721;;31;
3722;;7;
3723;;33;
3724;;30;
3725;;10;
3726;;24;
3727;;13;
3728;;8;
3729;;15;
3730;;16;
3731;;13;
3732;;23;
3733;;23;
3734;;36;
3735;;22;
3736;;17;
3737;;14;
3738;;2;
3739;;14;
3740;;8;
3741;;4;
3742;;23;
3743;;21;
3744;;26;
3745;;35;
3746;;23;
3747;;23;
3748;;6;
3749;;32;
3750;;17;
3751;;22;
3752;;22;
3753;;32;
3754;;1;
3755;;22;
3756;;24;
3757;;13;
3758;;11;
3759;;10;
3760;;27;
3761;;5;
3762;;22;
3763;;22;
3764;;24;
3765;;6;
3766;;7;
3767;;13;
3768;;12;
3769;;26;
3770;;26;
3771;;3;
3772;;34;
3773;;3;
3774;;14;
3775;;14;
3776;;8;
3777;;19;
3778;;7;
3779;;23;
3780;;23;
3781;;32;
3782;;23;
3783;;27;
3784;;0;
3785;;18;
3786;;0;
3787;;0;
3788;;2;
3789;;17;
3790;;22;
3791;;21;
3792;;19;
3793;;32;
3794;;19;
3795;;18;
3796;;8;
3797;;19;
3798;;29;
3799;;23;
3800;;35;
3801;;21;
3802;;27;
3803;;22;
3804;;21;
3805;;20;
3806;;11;
3807;;27;
3808;;3;
3809;;5;
3810;;13;
3811;;32;
3812;;12;
3813;;5;
3814;;19;
3815;;29;
3816;;9;
3817;;34;
3818;;5;
3819;;22;
3820;;12;
3821;;9;
3822;;15;
3823;;0;
3824;;12;
3825;;13;
3826;;0;
3827;;6;
3828;;19;
3829;;3;
3830;;16;
3831;;13;
3832;;25;
3833;;23;
3834;;19;
3835;;34;
3836;;29;
3837;;29;
3838;;29;
3839;;15;
3840;;36;
3841;;6;
3842;;16;
3843;;2;
3844;;36;
3845;;1;
3846;;18;
3847;;1;
3848;;12;
3849;;25;
3850;;16;
3851;;26;
3852;;25;
3853;;0;
3854;;22;
3855;;26;
3856;;6;
3857;;4;
3858;;18;
3859;;26;
3860;;2;
3861;;10;
3862;;3;
3863;;5;
3864;;36;
3865;;0;
3866;;15;
3867;;22;
3868;;33;
3869;;5;
3870;;10;
3871;;10;
3872;;2;
3873;;7;
3874;;36;
3875;;22;
3876;;6;
3877;;17;
3878;;26;
3879;;11;
3880;;28;
3881;;27;
3882;;10;
3883;;25;
3884;;15;
3885;;11;
3886;;0;
3887;;3;
3888;;5;
3889;;6;
3890;;33;
3891;;20;
3892;;10;
3893;;8;
3894;;18;
3895;;3;
3896;;25;
3897;;34;
3898;;9;
3899;;5;
3900;;3;
3901;;25;
3902;;2;
3903;;18;
3904;;21;
3905;;3;
3906;;24;
3907;;10;
3908;;33;
3909;;16;
3910;;12;
3911;;18;
3912;;29;
3913;;27;
3914;;1;
3915;;5;
3916;;30;
3917;;2;
3918;;11;
3919;;8;
3920;;18;
3921;;16;
3922;;36;
3923;;4;
3924;;18;
3925;;36;
3926;;14;
3927;;12;
3928;;0;
3929;;33;
3930;;10;
3931;;21;
3932;;19;
3933;;1;
3934;;2;
3935;;8;
3936;;34;
3937;;15;
3938;;15;
3939;;22;
3940;;6;
3941;;3;
3942;;4;
3943;;28;
3944;;36;
3945;;34;
3946;;27;
3947;;20;
3948;;29;
3949;;3;
3950;;32;
3951;;27;
3952;;34;
3953;;17;
3954;;20;
3955;;17;
3956;;15;
3957;;32;
3958;;29;
3959;;26;
3960;;31;
3961;;28;
3962;;13;
3963;;8;
3964;;24;
3965;;10;
3966;;30;
3967;;26;
3968;;31;
3969;;33;
3970;;1;
3971;;23;
3972;;7;
3973;;23;
3974;;16;
3975;;29;
3976;;18;
3977;;32;
3978;;17;
3979;;15;
3980;;0;
3981;;3;
3982;;6;
3983;;16;
3984;;4;
3985;;30;
3986;;12;
3987;;7;
3988;;5;
3989;;29;
3990;;33;
3991;;2;
3992;;27;
3993;;35;
3994;;23;
3995;;8;
3996;;2;
3997;;35;
3998;;14;
3999;;30;
4000;;36;
4001;;26;
4002;;7;
4003;;14;
4004;;3;
4005;;20;
4006;;17;
4007;;23;
4008;;14;
4009;;20;
4010;;15;
4011;;28;
4012;;33;
4013;;35;
4014;;36;
4015;;14;
4016;;15;
4017;;14;
4018;;1;
4019;;21;
4020;;18;
4021;;31;
4022;;10;
4023;;7;
4024;;30;
4025;;21;
4026;;26;
4027;;0;
4028;;18;
4029;;17;
4030;;27;
4031;;19;
4032;;35;
4033;;8;
4034;;16;
4035;;13;
4036;;33;
4037;;21;
4038;;23;
4039;;11;
4040;;21;
4041;;30;
4042;;2;
4043;;17;
4044;;34;
4045;;4;
4046;;13;
4047;;11;
4048;;12;
4049;;11;
4050;;28;
4051;;17;
4052;;32;
4053;;24;
4054;;35;
4055;;11;
4056;;6;
4057;;7;
4058;;6;
4059;;19;
4060;;17;
4061;;13;
4062;;31;
4063;;22;
4064;;15;
4065;;28;
4066;;1;
4067;;9;
4068;;4;
4069;;15;
4070;;3;
4071;;33;
4072;;0;
4073;;23;
4074;;22;
4075;;26;
4076;;32;
4077;;20;
4078;;9;
4079;;32;
4080;;24;
4081;;27;
4082;;34;
4083;;13;
4084;;10;
4085;;30;
4086;;36;
4087;;10;
4088;;15;
4089;;12;
4090;;33;
4091;;23;
4092;;13;
4093;;11;
4094;;23;
4095;;26;
4096;;6;
4097;;16;
4098;;14;
4099;;16;
4100;;1;
4101;;1;
4102;;6;
4103;;17;
4104;;7;
4105;;20;
4106;;25;
4107;;20;
4108;;28;
4109;;36;
4110;;34;
4111;;16;
4112;;0;
4113;;31;
4114;;28;
4115;;30;
4116;;35;
4117;;17;
4118;;18;
4119;;3;
4120;;20;
4121;;36;
4122;;20;
4123;;5;
4124;;4;
4125;;24;
4126;;21;
4127;;29;
4128;;8;
4129;;27;
4130;;3;
4131;;3;
4132;;17;
4133;;21;
4134;;11;
4135;;33;
4136;;7;
4137;;5;
4138;;5;
4139;;20;
4140;;12;
4141;;3;
4142;;18;
4143;;26;
4144;;11;
4145;;30;
4146;;7;
4147;;34;
4148;;28;
4149;;33;
4150;;26;
4151;;12;
4152;;4;
4153;;31;
4154;;6;
4155;;4;
4156;;34;
4157;;32;
4158;;26;
4159;;9;
4160;;35;
4161;;35;
4162;;9;
4163;;5;
4164;;24;
4165;;11;
4166;;33;
4167;;2;
4168;;12;
4169;;3;
4170;;22;
4171;;27;
4172;;8;
4173;;16;
4174;;33;
4175;;36;
4176;;0;
4177;;14;
4178;;1;
4179;;30;
4180;;25;
4181;;15;
4182;;11;
4183;;24;
4184;;3;
4185;;28;
4186;;16;
4187;;12;
4188;;21;
4189;;29;
4190;;17;
4191;;20;
4192;;32;
4193;;22;
4194;;9;
4195;;10;
4196;;13;
4197;;23;
4198;;13;
4199;;33;
4200;;20;
4201;;31;
4202;;31;
4203;;27;
4204;;8;
4205;;22;
4206;;24;
4207;;28;
4208;;12;
4209;;1;
4210;;11;
4211;;2;
4212;;21;
4213;;23;
4214;;24;
4215;;15;
4216;;27;
4217;;27;
4218;;9;
4219;;7;
4220;;26;
4221;;24;
4222;;34;
4223;;2;
4224;;33;
4225;;23;
4226;;15;
4227;;11;
4228;;32;
4229;;26;
4230;;20;
4231;;0;
4232;;25;
4233;;36;
4234;;21;
4235;;18;
4236;;28;
4237;;31;
4238;;7;
4239;;36;
4240;;8;
4241;;36;
4242;;15;
4243;;26;
4244;;36;
4245;;32;
4246;;15;
4247;;7;
4248;;36;
4249;;35;
4250;;34;
4251;;24;
4252;;2;
4253;;2;
4254;;9;
4255;;33;
4256;;1;
4257;;27;
4258;;17;
4259;;22;
4260;;24;
4261;;36;
4262;;20;
4263;;28;
4264;;8;
4265;;5;
4266;;9;
4267;;14;
4268;;23;
4269;;12;
4270;;32;
4271;;20;
4272;;8;
4273;;17;
4274;;9;
4275;;28;
4276;;18;
4277;;35;
4278;;18;
4279;;31;
4280;;15;
4281;;6;
4282;;0;
4283;;15;
4284;;30;
4285;;8;
4286;;23;
4287;;29;
4288;;36;
4289;;21;
4290;;1;
4291;;22;
4292;;4;
4293;;16;
4294;;24;
4295;;18;
4296;;31;
4297;;4;
4298;;13;
4299;;1;
4300;;17;
4301;;35;
4302;;35;
4303;;12;
4304;;18;
4305;;31;
4306;;16;
4307;;21;
4308;;20;
4309;;22;
4310;;27;
4311;;30;
4312;;35;
4313;;21;
4314;;23;
4315;;8;
4316;;34;
4317;;26;
4318;;15;
4319;;15;
4320;;24;
4321;;3;
4322;;15;
4323;;3;
4324;;26;
4325;;14;
4326;;13;
4327;;6;
4328;;1;
4329;;28;
4330;;4;
4331;;15;
4332;;10;
4333;;2;
4334;;4;
4335;;12;
4336;;32;
4337;;18;
4338;;11;
4339;;26;
4340;;34;
4341;;3;
4342;;17;
4343;;18;
4344;;29;
4345;;6;
4346;;22;
4347;;12;
4348;;21;
4349;;4;
4350;;21;
4351;;5;
4352;;12;
4353;;32;
4354;;19;
4355;;22;
4356;;21;
4357;;32;
4358;;16;
4359;;16;
4360;;4;
4361;;30;
4362;;3;
4363;;2;
4364;;17;
4365;;17;
4366;;19;
4367;;33;
4368;;30;
4369;;30;
4370;;36;
4371;;25;
4372;;19;
4373;;29;
4374;;3;
4375;;3;
4376;;24;
4377;;17;
4378;;23;
4379;;8;
4380;;24;
4381;;21;
4382;;33;
4383;;31;
4384;;23;
4385;;2;
4386;;16;
4387;;27;
4388;;1;
4389;;5;
4390;;20;
4391;;19;
4392;;35;
4393;;12;
4394;;25;
4395;;35;
4396;;3;
4397;;28;
4398;;27;
4399;;28;
4400;;26;
4401;;12;
4402;;21;
4403;;20;
4404;;32;
4405;;9;
4406;;30;
4407;;6;
4408;;26;
4409;;25;
4410;;31;
4411;;18;
4412;;16;
4413;;4;
4414;;2;
4415;;29;
4416;;26;
4417;;36;
4418;;26;
4419;;35;
4420;;7;
4421;;6;
4422;;13;
4423;;15;
4424;;30;
4425;;16;
4426;;17;
4427;;12;
4428;;5;
4429;;11;
4430;;11;
4431;;36;
4432;;8;
4433;;4;
4434;;1;
4435;;19;
4436;;24;
4437;;0;
4438;;7;
4439;;5;
4440;;9;
4441;;21;
4442;;9;
4443;;9;
4444;;1;
4445;;27;
4446;;33;
4447;;11;
4448;;27;
4449;;7;
4450;;9;
4451;;23;
4452;;5;
4453;;36;
4454;;19;
4455;;15;
4456;;3;
4457;;34;
4458;;18;
4459;;6;
4460;;20;
4461;;33;
4462;;30;
