encoding;extraction;predicted extraction;Green;Black;Red
1.0;black;;;;
0.0;green;;;;
2.0;red;;;;
2.0;red;;;;
2.0;red;;;;
1.0;black;;;;
2.0;red;;;;
0.0;green;;;;
2.0;red;;;;
1.0;black;;;;
2.0;red;;;;
1.0;black;;;;
1.0;black;;;;
2.0;red;;;;
1.0;black;;;;
1.0;black;;;;
2.0;red;;;;
1.0;black;;;;
1.0;black;;;;
1.0;black;;;;
2.0;red;;;;
2.0;red;;;;
1.0;black;;;;
1.0;black;;;;
1.0;black;;;;
1.0;black;;;;
1.0;black;;;;
1.0;black;;;;
0.0;green;;;;
2.0;red;;;;
2.0;red;;;;
1.0;black;;;;
1.0;black;;;;
2.0;red;;;;
1.0;black;;;;
1.0;black;;;;
2.0;red;;;;
2.0;red;;;;
1.0;black;;;;
2.0;red;;;;
1.0;black;;;;
2.0;red;;;;
1.0;black;;;;
2.0;red;;;;
1.0;black;;;;
1.0;black;;;;
2.0;red;;;;
2.0;red;;;;
1.0;black;;;;
1.0;black;;;;
2.0;red;red;0.024371382;0.41469857;0.5609301
2.0;red;red;0.024387805;0.4146943;0.5609179
1.0;black;red;0.024375694;0.4144717;0.56115264
1.0;black;red;0.02438267;0.41441035;0.561207
2.0;red;red;0.024352409;0.4144764;0.5611712
2.0;red;red;0.02435508;0.41444767;0.5611972
2.0;red;red;0.024346491;0.4144241;0.56122947
1.0;black;red;0.024334406;0.414393;0.56127256
2.0;red;red;0.024338856;0.41437027;0.5612908
1.0;black;red;0.024327474;0.41418058;0.56149197
1.0;black;red;0.02432205;0.41419807;0.5614799
2.0;red;red;0.024318725;0.41425434;0.56142694
1.0;black;red;0.024333052;0.4141773;0.56148964
1.0;black;red;0.0243235;0.41426086;0.5614156
2.0;red;red;0.024362888;0.41413045;0.5615067
1.0;black;red;0.02436223;0.4141853;0.5614525
2.0;red;red;0.024371324;0.41416025;0.5614684
2.0;red;red;0.024401173;0.41413656;0.5614623
1.0;black;red;0.024330607;0.41429755;0.56137186
1.0;black;red;0.024336407;0.41417122;0.5614923
2.0;red;red;0.02433597;0.4142011;0.56146294
1.0;black;red;0.024305157;0.41423178;0.5614631
1.0;black;red;0.024316227;0.41423726;0.5614465
2.0;red;red;0.024360845;0.41425523;0.5613839
2.0;red;red;0.024367431;0.4142502;0.56138235
1.0;black;red;0.024367018;0.41424206;0.56139094
1.0;black;red;0.024326766;0.41439778;0.5612754
0.0;green;red;0.024347644;0.41424406;0.56140834
2.0;red;red;0.02435808;0.414228;0.5614139
1.0;black;red;0.024368467;0.41433647;0.56129503
1.0;black;red;0.024362396;0.41436538;0.56127226
1.0;black;red;0.024379259;0.41456616;0.5610546
2.0;red;red;0.02438922;0.41459268;0.5610181
1.0;black;red;0.024392638;0.41451046;0.5610969
1.0;black;red;0.024407677;0.4146544;0.5609379
1.0;black;red;0.024395688;0.41481477;0.5607895
1.0;black;red;0.024421737;0.41486892;0.5607093
1.0;black;red;0.024459852;0.41494846;0.5605917
2.0;red;red;0.024473075;0.41502777;0.5604992
1.0;black;red;0.024485169;0.41515303;0.56036186
2.0;red;red;0.024493014;0.4151398;0.56036717
1.0;black;red;0.024456235;0.41516942;0.5603744
1.0;black;red;0.024472618;0.41513753;0.5603899
1.0;black;red;0.024480717;0.41512868;0.5603906
1.0;black;red;0.024491318;0.4152883;0.5602204
1.0;black;red;0.024536436;0.4154491;0.5600144
1.0;black;red;0.024542108;0.41559818;0.5598597
1.0;black;red;0.024568971;0.41566938;0.55976164
2.0;red;red;0.024582868;0.4157167;0.5597004
1.0;black;red;0.02458512;0.41584864;0.55956626
1.0;black;red;0.024594845;0.41588715;0.55951804
2.0;red;red;0.024574898;0.4157869;0.55963826
1.0;black;red;0.024591986;0.41579574;0.5596123
1.0;black;red;0.024567287;0.4157973;0.5596354
1.0;black;red;0.024564968;0.41585752;0.5595775
2.0;red;red;0.024552701;0.41571006;0.5597372
2.0;red;red;0.024562724;0.41566408;0.5597732
1.0;black;red;0.024537342;0.4158186;0.559644
1.0;black;red;0.024519581;0.41561684;0.55986357
1.0;black;red;0.024540715;0.41562435;0.55983496
2.0;red;red;0.024512205;0.4157743;0.55971354
2.0;red;red;0.024497595;0.41562024;0.55988216
1.0;black;red;0.024478277;0.41561186;0.5599098
2.0;red;red;0.024492858;0.41565531;0.5598518
2.0;red;red;0.024456367;0.415376;0.5601677
2.0;red;red;0.024436885;0.41529927;0.5602639
2.0;red;red;0.024390705;0.41513926;0.56047004
2.0;red;red;0.024375133;0.41520512;0.5604198
0.0;green;red;0.024359072;0.41505408;0.5605868
1.0;black;red;0.024331441;0.41489303;0.5607756
2.0;red;red;0.024297712;0.4147922;0.56091005
2.0;red;red;0.024281442;0.4145575;0.5611611
1.0;black;red;0.024298185;0.41479716;0.5609046
1.0;black;red;0.024293715;0.41456372;0.56114256
1.0;black;red;0.024287404;0.41436306;0.5613495
2.0;red;red;0.024271188;0.4144342;0.5612946
0.0;green;red;0.024313198;0.41428703;0.56139976
1.0;black;red;0.024342889;0.4141826;0.5614745
2.0;red;red;0.024363974;0.41441184;0.5612242
1.0;black;red;0.024368806;0.41432378;0.56130743
1.0;black;red;0.024376348;0.41430515;0.5613185
1.0;black;red;0.024374733;0.41441664;0.5612086
2.0;red;red;0.02439237;0.41451973;0.5610879
1.0;black;red;0.024398245;0.41458207;0.56101966
2.0;red;red;0.024417184;0.41463435;0.5609485
1.0;black;red;0.024369739;0.41468495;0.5609453
1.0;black;red;0.024427546;0.41457462;0.5609978
2.0;red;red;0.02443891;0.41468623;0.5608748
2.0;red;red;0.02443653;0.4145943;0.5609692
2.0;red;red;0.024432307;0.4146877;0.56087995
2.0;red;red;0.024419958;0.41462258;0.5609575
1.0;black;red;0.024362726;0.4146846;0.56095266
2.0;red;red;0.02439066;0.41456515;0.5610442
1.0;black;red;0.024350263;0.4145514;0.5610983
2.0;red;red;0.024328312;0.41460106;0.5610706
1.0;black;red;0.024338106;0.41458315;0.5610788
2.0;red;red;0.024312906;0.4144227;0.5612644
1.0;black;red;0.024317078;0.41453296;0.56114995
2.0;red;red;0.024340527;0.41449663;0.5611628
2.0;red;red;0.024338389;0.41438484;0.5612768
2.0;red;red;0.024309283;0.41420108;0.56148964
1.0;black;red;0.024313405;0.41411725;0.5615694
2.0;red;red;0.024314728;0.41407755;0.5616077
2.0;red;red;0.02430763;0.414019;0.5616734
2.0;red;red;0.024294421;0.41396818;0.5617374
1.0;black;red;0.02428929;0.41382688;0.56188387
2.0;red;red;0.024280233;0.4138563;0.5618635
2.0;red;red;0.024266124;0.41379404;0.56193984
2.0;red;red;0.02429017;0.4137622;0.56194764
1.0;black;red;0.024253529;0.41339368;0.56235284
2.0;red;red;0.02423334;0.41340578;0.5623609
1.0;black;red;0.024227556;0.41326663;0.5625058
2.0;red;red;0.024230022;0.413252;0.562518
2.0;red;red;0.024229579;0.4133638;0.5624066
2.0;red;red;0.024235988;0.41329128;0.5624727
2.0;red;red;0.024246572;0.4130573;0.5626961
2.0;red;red;0.024202365;0.41328648;0.56251115
2.0;red;red;0.024192158;0.41319942;0.5626085
1.0;black;red;0.024205435;0.41296157;0.562833
2.0;red;red;0.024205884;0.41299045;0.5628037
1.0;black;red;0.024202222;0.41306046;0.5627373
1.0;black;red;0.024196688;0.41296875;0.56283456
2.0;red;red;0.02423784;0.41292056;0.5628416
2.0;red;red;0.024197672;0.41298616;0.56281614
1.0;black;red;0.024201967;0.41287556;0.5629225
2.0;red;red;0.02420112;0.41296813;0.56283075
2.0;red;red;0.024245832;0.4128624;0.5628917
2.0;red;red;0.024239603;0.41280878;0.5629516
2.0;red;red;0.02420619;0.41294855;0.5628453
1.0;black;red;0.024227394;0.41295034;0.5628223
2.0;red;red;0.024218526;0.4128377;0.5629438
1.0;black;red;0.024181122;0.412986;0.56283283
2.0;red;red;0.024210852;0.41294083;0.5628483
1.0;black;red;0.024234071;0.41297144;0.56279445
1.0;black;red;0.02421807;0.41289437;0.5628876
2.0;red;red;0.024243081;0.41320354;0.56255335
2.0;red;red;0.024255838;0.41304207;0.5627021
1.0;black;red;0.024268562;0.4130797;0.5626517
1.0;black;red;0.02426846;0.41327238;0.5624592
1.0;black;red;0.024301514;0.41311887;0.56257963
2.0;red;red;0.02429477;0.4132484;0.5624569
1.0;black;red;0.024291804;0.41327563;0.5624326
2.0;red;red;0.02428193;0.41348594;0.56223214
1.0;black;red;0.02430224;0.4134505;0.5622473
1.0;black;red;0.024313621;0.413423;0.5622634
2.0;red;red;0.024313303;0.41355333;0.56213343
1.0;black;red;0.024333581;0.41350263;0.5621638
1.0;black;red;0.024347894;0.41366783;0.5619843
1.0;black;red;0.024319237;0.41400117;0.5616796
1.0;black;red;0.024349783;0.41389537;0.5617549
1.0;black;red;0.02440196;0.414101;0.56149703
2.0;red;red;0.024379844;0.41409725;0.56152284
2.0;red;red;0.02438395;0.4144507;0.5611654
2.0;red;red;0.02440505;0.41453353;0.56106144
2.0;red;red;0.02440418;0.41462973;0.5609661
1.0;black;red;0.024397882;0.4145676;0.56103456
2.0;red;red;0.024395319;0.414433;0.5611717
2.0;red;red;0.024354571;0.41445854;0.56118685
2.0;red;red;0.024312876;0.41454127;0.5611458
1.0;black;red;0.024314895;0.41440168;0.5612834
1.0;black;red;0.024325922;0.41439414;0.56127995
2.0;red;red;0.024324067;0.41436547;0.5613104
2.0;red;red;0.02431419;0.41454262;0.5611432
0.0;green;red;0.024353188;0.41427132;0.5613755
1.0;black;red;0.0243332;0.41418624;0.5614805
1.0;black;red;0.02430398;0.41414347;0.5615525
2.0;red;red;0.024292266;0.4142357;0.56147206
2.0;red;red;0.024337107;0.41427425;0.56138873
1.0;black;red;0.024325302;0.41433108;0.5613436
1.0;black;red;0.024330065;0.41416088;0.561509
2.0;red;red;0.024345897;0.41430777;0.56134635
2.0;red;red;0.02433813;0.41425616;0.5614057
1.0;black;red;0.024340235;0.41429356;0.5613662
2.0;red;red;0.024369815;0.41421726;0.561413
2.0;red;red;0.024369081;0.4141824;0.5614485
2.0;red;red;0.024334103;0.41423985;0.56142604
2.0;red;red;0.024336671;0.41420102;0.56146234
1.0;black;red;0.024290778;0.41406113;0.5616481
2.0;red;red;0.024290664;0.41408473;0.5616246
1.0;black;red;0.024283582;0.4140309;0.5616855
2.0;red;red;0.024288384;0.4140681;0.5616435
2.0;red;red;0.024284773;0.41398433;0.5617309
2.0;red;red;0.0242813;0.41394493;0.5617738
1.0;black;red;0.024290068;0.4139083;0.5618017
2.0;red;red;0.024254529;0.41376424;0.56198126
2.0;red;red;0.024276355;0.4137325;0.56199116
0.0;green;red;0.024267837;0.41343608;0.5622961
1.0;black;red;0.024262162;0.41345954;0.5622783
1.0;black;red;0.024261914;0.41344154;0.5622965
2.0;red;red;0.02423033;0.41333854;0.56243116
1.0;black;red;0.02428128;0.41338474;0.56233394
1.0;black;red;0.024301473;0.41347829;0.5622202
0.0;green;red;0.024307443;0.41355354;0.56213903
2.0;red;red;0.024288082;0.41368315;0.56202877
1.0;black;red;0.02433226;0.41368276;0.56198496
0.0;green;red;0.024320614;0.41379854;0.5618808
2.0;red;red;0.024360064;0.41387284;0.56176704
2.0;red;red;0.024348585;0.41387758;0.56177384
1.0;black;red;0.024354346;0.41411623;0.5615294
1.0;black;red;0.024341492;0.41427037;0.5613881
2.0;red;red;0.024386916;0.41442317;0.5611899
2.0;red;red;0.02438807;0.4145643;0.5610476
2.0;red;red;0.024378385;0.41473928;0.56088233
1.0;black;red;0.024342956;0.41464832;0.5610087
1.0;black;red;0.02434828;0.41483936;0.56081235
1.0;black;red;0.02434346;0.4147522;0.5609044
2.0;red;red;0.024371924;0.41473052;0.5608976
2.0;red;red;0.024387274;0.41473937;0.5608733
1.0;black;red;0.02436403;0.4147227;0.56091326
1.0;black;red;0.024375113;0.41456026;0.5610646
0.0;green;red;0.024378834;0.41466188;0.5609593
2.0;red;red;0.0243703;0.41461453;0.5610152
2.0;red;red;0.024363996;0.4145906;0.5610454
2.0;red;red;0.024391156;0.41456035;0.5610485
1.0;black;red;0.024360798;0.41455558;0.5610836
1.0;black;red;0.024359457;0.41459677;0.56104374
2.0;red;red;0.024354216;0.41461533;0.56103045
2.0;red;red;0.024349218;0.41457924;0.5610715
1.0;black;red;0.024335792;0.41455394;0.56111026
2.0;red;red;0.024338821;0.41463774;0.5610235
2.0;red;red;0.024345465;0.41455436;0.5611002
1.0;black;red;0.02435782;0.41449702;0.5611452
1.0;black;red;0.024310324;0.41451916;0.5611705
2.0;red;red;0.024356775;0.41450992;0.56113327
1.0;black;red;0.02434309;0.41425112;0.56140584
1.0;black;red;0.024336796;0.41430104;0.5613621
1.0;black;red;0.024349965;0.41430452;0.5613455
1.0;black;red;0.024362529;0.41429323;0.5613442
1.0;black;red;0.024388526;0.41420504;0.56140643
2.0;red;red;0.024381666;0.41419625;0.56142205
2.0;red;red;0.024416467;0.41437152;0.56121206
2.0;red;red;0.024424905;0.41437322;0.5612019
2.0;red;red;0.024411594;0.4143276;0.5612608
1.0;black;red;0.02438027;0.41431597;0.56130373
1.0;black;red;0.02436696;0.414316;0.5613171
1.0;black;red;0.024342664;0.41437426;0.56128305
2.0;red;red;0.024352526;0.41450822;0.5611392
2.0;red;red;0.024352776;0.41441092;0.5612363
2.0;red;red;0.024339072;0.41449597;0.561165
2.0;red;red;0.024352046;0.41438982;0.56125814
2.0;red;red;0.024318209;0.41443297;0.56124884
1.0;black;red;0.02431613;0.4143125;0.5613713
2.0;red;red;0.024316879;0.41421905;0.5614641
2.0;red;red;0.024309583;0.41411686;0.5615735
2.0;red;red;0.02428542;0.4140697;0.5616449
2.0;red;red;0.024243364;0.4139743;0.56178236
1.0;black;red;0.024269722;0.41374648;0.56198376
1.0;black;red;0.024274044;0.41387427;0.5618517
1.0;black;red;0.02426077;0.4137411;0.56199807
1.0;black;red;0.024291884;0.41381904;0.56188905
1.0;black;red;0.024290035;0.4136998;0.56201017
1.0;black;red;0.024309611;0.41345578;0.56223464
2.0;red;red;0.02433422;0.41363147;0.5620343
1.0;black;red;0.024312109;0.413705;0.5619829
2.0;red;red;0.02435;0.41366637;0.56198364
2.0;red;red;0.024336882;0.41373384;0.5619293
1.0;black;red;0.024336029;0.41380966;0.5618543
1.0;black;red;0.024324577;0.4137746;0.56190085
2.0;red;red;0.024324879;0.41373593;0.5619392
2.0;red;red;0.024351694;0.41379791;0.5618504
2.0;red;red;0.024307976;0.41380692;0.5618851
1.0;black;red;0.024320874;0.41391465;0.5617645
1.0;black;red;0.0243126;0.41400057;0.5616869
1.0;black;red;0.024317421;0.4140768;0.5616058
2.0;red;red;0.024319068;0.41411254;0.56156844
1.0;black;red;0.02435003;0.4140771;0.56157285
1.0;black;red;0.024332218;0.41439733;0.5612704
1.0;black;red;0.024361432;0.41429633;0.56134224
1.0;black;red;0.024371123;0.414269;0.56135994
2.0;red;red;0.024393737;0.41430715;0.5612991
2.0;red;red;0.02440505;0.4145203;0.5610747
2.0;red;red;0.024405537;0.4144504;0.56114405
1.0;black;red;0.024387354;0.41441223;0.5612004
1.0;black;red;0.024387144;0.41437066;0.5612422
2.0;red;red;0.024389856;0.4143692;0.561241
1.0;black;red;0.02434635;0.41457155;0.56108207
1.0;black;red;0.024360953;0.4144697;0.5611693
2.0;red;red;0.02440248;0.41453177;0.56106573
1.0;black;red;0.024353418;0.41446903;0.56117755
1.0;black;red;0.024392081;0.41452634;0.5610815
1.0;black;red;0.024373867;0.41440207;0.56122404
2.0;red;red;0.02439052;0.4146347;0.5609748
1.0;black;red;0.02439946;0.41458148;0.56101906
2.0;red;red;0.024394833;0.4147573;0.5608478
1.0;black;red;0.024404803;0.41471738;0.56087786
2.0;red;red;0.024404423;0.41475934;0.5608362
2.0;red;red;0.024427311;0.41469607;0.56087655
1.0;black;red;0.024389671;0.41454622;0.5610641
2.0;red;red;0.024388261;0.41474828;0.56086344
1.0;black;red;0.024390291;0.4145573;0.56105244
1.0;black;red;0.02435992;0.41456652;0.56107354
2.0;red;red;0.024369093;0.41466907;0.56096184
1.0;black;red;0.02437847;0.4145442;0.56107736
1.0;black;red;0.024353053;0.41470087;0.5609461
2.0;red;red;0.02440907;0.41453126;0.56105965
1.0;black;red;0.02437551;0.41460663;0.5610178
2.0;red;red;0.024375902;0.41454986;0.56107426
1.0;black;red;0.024370959;0.41449422;0.5611349
2.0;red;red;0.024401413;0.41448626;0.56111234
2.0;red;red;0.024356999;0.414477;0.561166
2.0;red;red;0.024346204;0.41440716;0.56124663
1.0;black;red;0.02433439;0.41445705;0.5612085
2.0;red;red;0.02432721;0.4145346;0.56113815
1.0;black;red;0.02433245;0.41446403;0.56120354
2.0;red;red;0.02431202;0.41429564;0.5613923
0.0;green;red;0.024319492;0.41429287;0.56138766
2.0;red;red;0.02432852;0.41436735;0.5613042
2.0;red;red;0.024294525;0.41433558;0.5613699
1.0;black;red;0.024286427;0.41427687;0.5614367
1.0;black;red;0.02429876;0.4142485;0.56145275
1.0;black;red;0.024326628;0.41413066;0.5615427
2.0;red;red;0.02430196;0.41423294;0.56146514
2.0;red;red;0.02434914;0.4142498;0.561401
2.0;red;red;0.02435233;0.4142799;0.5613678
2.0;red;red;0.024325311;0.41413385;0.56154084
1.0;black;red;0.02432327;0.41418156;0.5614952
1.0;black;red;0.02431353;0.41412726;0.5615592
2.0;red;red;0.02432575;0.41402772;0.5616466
2.0;red;red;0.024313966;0.4140957;0.5615904
2.0;red;red;0.024305154;0.41419548;0.56149936
2.0;red;red;0.024283722;0.41397655;0.56173974
1.0;black;red;0.02430694;0.41396606;0.561727
2.0;red;red;0.024288753;0.41388217;0.5618291
1.0;black;red;0.024292925;0.41391942;0.56178766
1.0;black;red;0.024274966;0.4138519;0.5618731
1.0;black;red;0.02428673;0.4138191;0.5618942
1.0;black;red;0.024319055;0.41369066;0.5619903
2.0;red;red;0.02431432;0.41396725;0.5617184
0.0;green;red;0.024340253;0.41398728;0.56167245
0.0;green;red;0.024319451;0.41394925;0.5617313
1.0;black;red;0.024333403;0.41398248;0.5616841
1.0;black;red;0.024357488;0.41376075;0.5618818
1.0;black;red;0.024346963;0.413897;0.561756
2.0;red;red;0.024373984;0.414051;0.561575
2.0;red;red;0.024400668;0.41442102;0.5611783
1.0;black;red;0.02440313;0.4141916;0.56140524
1.0;black;red;0.024431974;0.4145114;0.56105655
1.0;black;red;0.02440288;0.4147272;0.5608699
2.0;red;red;0.024451897;0.41485003;0.56069803
1.0;black;red;0.024441034;0.41502303;0.5605359
1.0;black;red;0.024432592;0.4151354;0.56043196
1.0;black;red;0.024452858;0.41511592;0.56043124
2.0;red;red;0.02447844;0.41501155;0.56051004
1.0;black;red;0.024480056;0.4151907;0.56032926
1.0;black;red;0.024496827;0.41510758;0.5603956
1.0;black;red;0.024499698;0.41544673;0.5600536
2.0;red;red;0.024528949;0.4154993;0.5599717
2.0;red;red;0.024529207;0.41544595;0.56002486
2.0;red;red;0.024494587;0.41542158;0.5600838
1.0;black;red;0.024478326;0.4153966;0.5601251
2.0;red;red;0.024445063;0.41538462;0.5601703
1.0;black;red;0.024440218;0.41523474;0.5603251
1.0;black;red;0.024406899;0.41516846;0.5604246
2.0;red;red;0.024401603;0.41517696;0.5604214
2.0;red;red;0.024409652;0.4151806;0.5604098
2.0;red;red;0.024381079;0.41495886;0.56066006
2.0;red;red;0.024371877;0.41501987;0.56060827
2.0;red;red;0.024362722;0.41492826;0.56070906
2.0;red;red;0.024342714;0.4148475;0.56080973
1.0;black;red;0.024286222;0.41438693;0.56132686
1.0;black;red;0.02427767;0.41436723;0.5613551
2.0;red;red;0.024303993;0.41423017;0.5614658
0.0;green;red;0.024296155;0.41422868;0.5614752
2.0;red;red;0.024266977;0.41422477;0.5615083
1.0;black;red;0.02428567;0.4141556;0.5615587
2.0;red;red;0.02432106;0.414003;0.5616759
2.0;red;red;0.024320707;0.41377676;0.5619025
1.0;black;red;0.024307994;0.4140264;0.5616656
1.0;black;red;0.024306841;0.41400057;0.5616926
2.0;red;red;0.024319889;0.41387868;0.56180143
1.0;black;red;0.024314122;0.41400877;0.56167716
2.0;red;red;0.024297746;0.41411415;0.5615881
1.0;black;red;0.024356402;0.414027;0.56161654
1.0;black;red;0.024338225;0.4139614;0.56170034
1.0;black;red;0.024338705;0.4140853;0.56157595
1.0;black;red;0.024341699;0.41405538;0.56160295
2.0;red;red;0.024381451;0.4141157;0.5615028
1.0;black;red;0.02436724;0.4143532;0.56127965
1.0;black;red;0.024396732;0.41432235;0.5612809
2.0;red;red;0.024391804;0.4142619;0.5613463
2.0;red;red;0.024400992;0.41424933;0.5613497
2.0;red;red;0.024415364;0.41427073;0.5613139
2.0;red;red;0.0244045;0.41447097;0.5611245
1.0;black;red;0.024359569;0.41422683;0.5614136
2.0;red;red;0.024344705;0.41433477;0.5613205
1.0;black;red;0.024330024;0.41435254;0.5613175
2.0;red;red;0.024321085;0.41437793;0.56130105
2.0;red;red;0.024326632;0.41437763;0.5612957
0.0;green;red;0.024318436;0.4142633;0.56141824
2.0;red;red;0.024327595;0.41416252;0.56150985
2.0;red;red;0.024281643;0.4142353;0.5614831
1.0;black;red;0.024283659;0.41398844;0.5617279
1.0;black;red;0.024289189;0.41425058;0.56146026
1.0;black;red;0.02428881;0.41423666;0.5614745
1.0;black;red;0.024291087;0.4141471;0.5615618
0.0;green;red;0.024323346;0.4140806;0.56159604
1.0;black;red;0.024341092;0.41429088;0.56136805
1.0;black;red;0.024369374;0.41428122;0.5613494
2.0;red;red;0.024398517;0.41439864;0.5612028
2.0;red;red;0.02440347;0.41443664;0.5611599
1.0;black;red;0.024424322;0.41449004;0.56108564
2.0;red;red;0.024436606;0.4146433;0.5609202
1.0;black;red;0.02439845;0.41478264;0.5608189
2.0;red;red;0.024411429;0.41473833;0.56085026
2.0;red;red;0.02438109;0.41473773;0.56088114
1.0;black;red;0.024386093;0.4148124;0.5608015
2.0;red;red;0.024370082;0.41478083;0.5608491
2.0;red;red;0.024383662;0.41474235;0.56087404
2.0;red;red;0.024381232;0.41458562;0.5610331
1.0;black;red;0.024336912;0.4147077;0.5609554
2.0;red;red;0.02431895;0.41463268;0.5610484
2.0;red;red;0.024316235;0.41444734;0.56123644
2.0;red;red;0.024307154;0.41434732;0.5613455
1.0;black;red;0.024329156;0.41408077;0.5615901
1.0;black;red;0.024311844;0.4141125;0.56157565
2.0;red;red;0.024286684;0.4141437;0.56156963
1.0;black;red;0.024306366;0.4140024;0.5616912
1.0;black;red;0.02432915;0.41401425;0.56165665
1.0;black;red;0.02431708;0.4139646;0.5617183
2.0;red;red;0.024339996;0.41396204;0.56169796
2.0;red;red;0.024343776;0.41406128;0.5615949
2.0;red;red;0.024335202;0.41403413;0.56163067
2.0;red;red;0.024315398;0.4139778;0.5617068
2.0;red;red;0.02429706;0.4135876;0.5621153
1.0;black;red;0.024266208;0.41362697;0.56210685
1.0;black;red;0.024276663;0.4136143;0.56210905
1.0;black;red;0.024286065;0.4134453;0.5622686
2.0;red;red;0.024283042;0.4134844;0.56223255
2.0;red;red;0.024316153;0.41360757;0.5620763
1.0;black;red;0.024308471;0.41359952;0.562092
2.0;red;red;0.024289856;0.41350344;0.56220675
2.0;red;red;0.02427783;0.41366327;0.5620589
1.0;black;red;0.024285736;0.41356373;0.56215054
2.0;red;red;0.02428961;0.41354075;0.5621696
1.0;black;red;0.024280487;0.41351652;0.562203
2.0;red;red;0.024270546;0.4136213;0.56210816
1.0;black;red;0.024281869;0.41357;0.56214815
1.0;black;red;0.024288379;0.41351366;0.562198
2.0;red;red;0.024306828;0.41359705;0.5620961
2.0;red;red;0.024295954;0.41356823;0.5621358
2.0;red;red;0.024294974;0.4136268;0.5620782
2.0;red;red;0.02430713;0.41352853;0.56216437
2.0;red;red;0.024265118;0.41362637;0.5621085
1.0;black;red;0.024289679;0.4135276;0.5621827
2.0;red;red;0.024258727;0.4135491;0.5621922
2.0;red;red;0.024236664;0.41341352;0.5623498
1.0;black;red;0.024238551;0.4135036;0.5622579
1.0;black;red;0.024226118;0.41353086;0.56224304
2.0;red;red;0.02425575;0.41339076;0.5623535
2.0;red;red;0.024268698;0.4133434;0.5623879
2.0;red;red;0.024256246;0.413393;0.5623508
2.0;red;red;0.02424827;0.41335046;0.5624013
1.0;black;red;0.024267048;0.41317773;0.56255525
2.0;red;red;0.024239711;0.41332904;0.5624312
1.0;black;red;0.024219349;0.4132674;0.56251323
1.0;black;red;0.024225155;0.4131753;0.5625995
1.0;black;red;0.024260001;0.41321027;0.56252974
2.0;red;red;0.024262598;0.4133163;0.5624211
1.0;black;red;0.024271615;0.41346788;0.5622605
0.0;green;red;0.024301391;0.41321427;0.5624843
1.0;black;red;0.024283623;0.4133652;0.5623512
2.0;red;red;0.024270877;0.41337517;0.56235397
1.0;black;red;0.024300924;0.41364408;0.562055
2.0;red;red;0.024334854;0.41369334;0.56197184
2.0;red;red;0.024335755;0.41374406;0.56192017
1.0;black;red;0.024347996;0.41381276;0.5618393
1.0;black;red;0.024344381;0.4139617;0.5616939
1.0;black;red;0.02433234;0.41396233;0.56170535
1.0;black;red;0.024352837;0.41405636;0.56159073
2.0;red;red;0.024381107;0.41427377;0.5613451
2.0;red;red;0.024376266;0.4145198;0.561104
1.0;black;red;0.024418717;0.41447192;0.5611093
1.0;black;red;0.024387592;0.41448;0.56113243
0.0;green;red;0.024391366;0.41454342;0.56106526
2.0;red;red;0.024394764;0.4145431;0.5610621
2.0;red;red;0.024404073;0.41461435;0.5609816
1.0;black;red;0.024402412;0.41467914;0.5609185
1.0;black;red;0.024405705;0.414541;0.56105334
1.0;black;red;0.02438875;0.4147243;0.560887
2.0;red;red;0.02440124;0.41474125;0.56085753
2.0;red;red;0.024386106;0.41494462;0.56066924
1.0;black;red;0.024417615;0.4147343;0.56084806
1.0;black;red;0.024401708;0.41499016;0.5606081
2.0;red;red;0.024428774;0.41475517;0.56081605
2.0;red;red;0.024420172;0.41473645;0.5608434
1.0;black;red;0.024382124;0.41469032;0.56092757
1.0;black;red;0.024369163;0.41480187;0.560829
2.0;red;red;0.024408875;0.414924;0.5606671
1.0;black;red;0.024378957;0.4147334;0.56088763
2.0;red;red;0.024386179;0.41482285;0.56079096
2.0;red;red;0.024385968;0.41458863;0.5610253
2.0;red;red;0.02437909;0.41464692;0.56097394
2.0;red;red;0.024349477;0.414603;0.56104755
1.0;black;red;0.024336813;0.41460785;0.5610553
2.0;red;red;0.024315083;0.4145721;0.5611128
1.0;black;red;0.024315458;0.41437852;0.561306
1.0;black;red;0.024289886;0.41421154;0.5614986
2.0;red;red;0.024319904;0.41419515;0.561485
2.0;red;red;0.024323596;0.41429207;0.5613843
0.0;green;red;0.02433647;0.41404766;0.5616159
2.0;red;red;0.024326935;0.41416293;0.56151015
2.0;red;red;0.024333747;0.41404703;0.5616192
1.0;black;red;0.024310114;0.4139841;0.56170577
1.0;black;red;0.024289057;0.4141018;0.56160915
1.0;black;red;0.024296638;0.41389555;0.5618079
1.0;black;red;0.024315786;0.41405645;0.56162775
1.0;black;red;0.024330737;0.4141367;0.56153256
1.0;black;red;0.024362357;0.41414666;0.561491
2.0;red;red;0.024388991;0.4142433;0.56136775
1.0;black;red;0.024398237;0.41432783;0.56127393
1.0;black;red;0.024380878;0.41429746;0.5613216
1.0;black;red;0.024428949;0.41450062;0.56107044
2.0;red;red;0.024414955;0.41465336;0.5609317
2.0;red;red;0.024449393;0.41462463;0.56092596
2.0;red;red;0.024430627;0.41452783;0.56104153
2.0;red;red;0.024392113;0.4146992;0.5609087
1.0;black;red;0.024390373;0.4146574;0.56095225
1.0;black;red;0.024372604;0.41455603;0.56107134
2.0;red;red;0.02438042;0.4146162;0.5610033
1.0;black;red;0.024377435;0.4145762;0.56104636
2.0;red;red;0.024362594;0.41453856;0.5610989
1.0;black;red;0.024365753;0.41454792;0.5610863
1.0;black;red;0.024350157;0.41461697;0.56103283
0.0;green;red;0.02435649;0.41451222;0.56113124
1.0;black;red;0.024375461;0.41448507;0.5611395
2.0;red;red;0.02439051;0.41451165;0.56109786
2.0;red;red;0.02439902;0.41443875;0.56116223
2.0;red;red;0.024397144;0.41459876;0.56100404
1.0;black;red;0.02436252;0.41468856;0.5609489
1.0;black;red;0.024389025;0.41449568;0.5611153
1.0;black;red;0.024379002;0.41455314;0.5610678
1.0;black;red;0.024385046;0.41475248;0.5608625
1.0;black;red;0.024384253;0.41470277;0.56091297
2.0;red;red;0.024394404;0.41494274;0.5606628
2.0;red;red;0.02442928;0.4148631;0.5607076
2.0;red;red;0.024448015;0.414822;0.56073
2.0;red;red;0.024414048;0.41462448;0.5609614
2.0;red;red;0.024374478;0.4146511;0.5609744
2.0;red;red;0.024363134;0.41480428;0.5608326
2.0;red;red;0.024320945;0.41466704;0.561012
2.0;red;red;0.02431102;0.41447023;0.5612188
1.0;black;red;0.02426393;0.41434836;0.5613877
2.0;red;red;0.024314905;0.4141359;0.5615492
1.0;black;red;0.02425804;0.41395265;0.56178933
1.0;black;red;0.024282081;0.41400135;0.56171656
1.0;black;red;0.024272533;0.4139837;0.5617438
2.0;red;red;0.024302443;0.4140437;0.56165385
1.0;black;red;0.024308562;0.41390425;0.56178725
2.0;red;red;0.024340848;0.41401625;0.5616429
2.0;red;red;0.024317965;0.41392186;0.5617602
2.0;red;red;0.024304695;0.413844;0.56185126
2.0;red;red;0.02431541;0.41388428;0.5618003
2.0;red;red;0.024292424;0.41364914;0.56205845
2.0;red;red;0.024264703;0.41349778;0.5622375
2.0;red;red;0.024254294;0.41336292;0.56238276
1.0;black;red;0.024226826;0.41351038;0.56226283
2.0;red;red;0.0242186;0.41333625;0.5624451
1.0;black;red;0.024231495;0.41317287;0.5625956
2.0;red;red;0.024228739;0.4131712;0.5626
1.0;black;red;0.024209313;0.4132545;0.5625362
1.0;black;red;0.024224767;0.41309223;0.56268305
1.0;black;red;0.024238734;0.4131738;0.5625875
1.0;black;red;0.02425352;0.4133263;0.5624201
2.0;red;red;0.024291899;0.41304204;0.56266606
1.0;black;red;0.024325833;0.41322234;0.56245184
2.0;red;red;0.024302887;0.41336286;0.5623342
1.0;black;red;0.024325006;0.41333053;0.5623445
2.0;red;red;0.024322705;0.41346312;0.5622142
1.0;black;red;0.02431928;0.41353816;0.56214255
1.0;black;red;0.024312228;0.4136709;0.5620169
1.0;black;red;0.024316447;0.41360316;0.5620804
1.0;black;red;0.024345705;0.4139;0.5617543
2.0;red;red;0.024339775;0.41376942;0.5618908
1.0;black;red;0.024388513;0.4138347;0.5617768
2.0;red;red;0.024378328;0.41409627;0.5615254
2.0;red;red;0.024362566;0.4140238;0.5616136
1.0;black;red;0.024356367;0.414141;0.56150264
1.0;black;red;0.024360329;0.4141349;0.5615047
1.0;black;red;0.024380658;0.41442227;0.56119704
1.0;black;red;0.024397217;0.41443396;0.5611688
1.0;black;red;0.024405932;0.41448104;0.561113
2.0;red;red;0.024406724;0.41442913;0.56116414
1.0;black;red;0.024407923;0.41470242;0.56088966
2.0;red;red;0.024405489;0.41476345;0.56083107
2.0;red;red;0.024401143;0.41486555;0.5607334
1.0;black;red;0.024431722;0.41456312;0.5610052
2.0;red;red;0.024401493;0.41491276;0.56068575
1.0;black;red;0.024391076;0.4147122;0.56089675
2.0;red;red;0.024393223;0.4147004;0.5609064
1.0;black;red;0.02438689;0.4146372;0.5609759
2.0;red;red;0.024358401;0.4146682;0.56097335
1.0;black;red;0.02436314;0.4145673;0.5610696
1.0;black;red;0.024395363;0.41442809;0.5611766
2.0;red;red;0.024369625;0.4146425;0.56098783
2.0;red;red;0.024377199;0.4145608;0.56106204
2.0;red;red;0.024353275;0.41456413;0.5610826
2.0;red;red;0.024359204;0.41454828;0.5610925
2.0;red;red;0.02432121;0.4144764;0.56120235
2.0;red;red;0.024340592;0.41428953;0.5613699
1.0;black;red;0.02431474;0.41429842;0.5613869
1.0;black;red;0.024285614;0.41425702;0.56145734
2.0;red;red;0.024308749;0.41410777;0.56158346
2.0;red;red;0.024311032;0.41406056;0.5616284
1.0;black;red;0.024271546;0.41401798;0.5617105
2.0;red;red;0.024301397;0.41396263;0.561736
1.0;black;red;0.024292346;0.413884;0.56182367
1.0;black;red;0.024280788;0.41384354;0.56187564
2.0;red;red;0.02431781;0.4137785;0.56190366
1.0;black;red;0.024307609;0.41388944;0.561803
1.0;black;red;0.024293568;0.4135453;0.5621611
2.0;red;red;0.024316207;0.41382933;0.5618545
2.0;red;red;0.024305778;0.41352838;0.5621658
1.0;black;red;0.024307376;0.4135911;0.5621015
1.0;black;red;0.024318166;0.4137091;0.56197274
1.0;black;red;0.024320066;0.4136349;0.56204504
1.0;black;red;0.024318311;0.41380516;0.56187654
2.0;red;red;0.024348438;0.41377836;0.5618732
1.0;black;red;0.024325144;0.4137561;0.56191874
2.0;red;red;0.024352077;0.41407502;0.5615729
1.0;black;red;0.024341296;0.4141663;0.56149244
2.0;red;red;0.024400407;0.41413674;0.5614629
1.0;black;red;0.024349004;0.41402313;0.5616279
1.0;black;red;0.024382066;0.41429704;0.56132084
1.0;black;red;0.024373282;0.41434824;0.5612784
1.0;black;red;0.024403442;0.41439682;0.5611997
1.0;black;red;0.024412211;0.4143478;0.56123996
2.0;red;red;0.024399478;0.41468483;0.5609157
2.0;red;red;0.024386188;0.4147111;0.56090266
2.0;red;red;0.024434231;0.4146268;0.56093895
1.0;black;red;0.024396207;0.41460362;0.5610001
1.0;black;red;0.024398316;0.4147028;0.56089884
1.0;black;red;0.024402294;0.41460568;0.560992
2.0;red;red;0.02437762;0.41485217;0.5607702
2.0;red;red;0.024407437;0.41488737;0.56070524
2.0;red;red;0.02439682;0.41465876;0.56094444
2.0;red;red;0.024389178;0.41461793;0.56099284
1.0;black;red;0.024367519;0.41463277;0.5609997
0.0;green;red;0.024344817;0.4145061;0.5611491
1.0;black;red;0.024347907;0.41462147;0.56103057
2.0;red;red;0.024331095;0.41461265;0.56105626
1.0;black;red;0.024351189;0.41464558;0.56100327
1.0;black;red;0.024347356;0.4145842;0.5610685
2.0;red;red;0.024360728;0.41456854;0.56107074
2.0;red;red;0.024371674;0.41471586;0.5609125
1.0;black;red;0.024353355;0.41453543;0.5611112
1.0;black;red;0.024396861;0.41453934;0.5610638
2.0;red;red;0.024378125;0.41467136;0.5609505
1.0;black;red;0.02440309;0.41469118;0.56090575
2.0;red;red;0.024394654;0.41449875;0.5611066
1.0;black;red;0.024391614;0.4146207;0.5609878
1.0;black;red;0.024385277;0.41444433;0.5611704
2.0;red;red;0.024382284;0.41465774;0.56096
1.0;black;red;0.024384826;0.41447848;0.5611367
1.0;black;red;0.024384635;0.41452157;0.5610938
2.0;red;red;0.024390986;0.41451925;0.56108975
1.0;black;red;0.024411464;0.41457734;0.56101114
0.0;green;red;0.024367211;0.41461897;0.5610138
1.0;black;red;0.024414001;0.4146726;0.5609134
2.0;red;red;0.024398863;0.41470563;0.56089556
2.0;red;red;0.024424843;0.41468123;0.5608939
2.0;red;red;0.02437885;0.41465235;0.5609688
1.0;black;red;0.024379898;0.4147511;0.560869
2.0;red;red;0.024413848;0.41469303;0.5608931
2.0;red;red;0.024354946;0.41475344;0.56089157
0.0;green;red;0.02436676;0.41470662;0.5609267
1.0;black;red;0.024335153;0.41491202;0.5607528
2.0;red;red;0.024328126;0.414578;0.56109387
1.0;black;red;0.02431852;0.4147709;0.56091064
1.0;black;red;0.024332926;0.4146245;0.5610426
2.0;red;red;0.024353564;0.4147902;0.5608562
1.0;black;red;0.024339864;0.41461447;0.5610457
2.0;red;red;0.024369206;0.41453466;0.56109613
1.0;black;red;0.024367206;0.4146143;0.5610185
1.0;black;red;0.024390968;0.4147244;0.56088465
2.0;red;red;0.024380937;0.41480014;0.5608189
2.0;red;red;0.024410883;0.41466966;0.56091946
1.0;black;red;0.024389677;0.41464317;0.56096715
2.0;red;red;0.02443411;0.4144944;0.5610715
1.0;black;red;0.024373299;0.4146264;0.56100035
2.0;red;red;0.024361262;0.41457772;0.561061
1.0;black;red;0.024394708;0.4144684;0.5611369
2.0;red;red;0.024335861;0.41437536;0.5612888
1.0;black;red;0.02434677;0.4144437;0.5612095
2.0;red;red;0.024366783;0.41432503;0.56130815
2.0;red;red;0.02437372;0.41429612;0.5613301
2.0;red;red;0.024359664;0.41436395;0.5612764
2.0;red;red;0.024332883;0.41428477;0.56138235
2.0;red;red;0.024311159;0.41437796;0.5613109
2.0;red;red;0.024298089;0.4141781;0.56152374
0.0;green;red;0.024279274;0.413961;0.5617597
1.0;black;red;0.02429447;0.41398975;0.5617158
2.0;red;red;0.02427117;0.41386667;0.5618622
1.0;black;red;0.02425374;0.4138424;0.56190383
1.0;black;red;0.024262924;0.41385636;0.5618807
1.0;black;red;0.024313409;0.4139513;0.5617353
1.0;black;red;0.024318803;0.4138872;0.561794
2.0;red;red;0.024347395;0.41387182;0.5617808
2.0;red;red;0.024342978;0.41391906;0.56173795
2.0;red;red;0.024333198;0.41374737;0.5619194
2.0;red;red;0.024340574;0.41412666;0.5615328
1.0;black;red;0.024341855;0.41401199;0.56164616
2.0;red;red;0.024290038;0.4139543;0.5617557
2.0;red;red;0.02432068;0.4141527;0.5615266
1.0;black;red;0.024295991;0.41399327;0.5617107
2.0;red;red;0.024290517;0.41378814;0.56192136
2.0;red;red;0.024311729;0.4138847;0.56180364
1.0;black;red;0.024293238;0.4139591;0.5617477
2.0;red;red;0.024287142;0.41388643;0.5618264
1.0;black;red;0.024299921;0.4137442;0.56195587
2.0;red;red;0.024272695;0.41374946;0.56197786
1.0;black;red;0.02426249;0.41343954;0.562298
1.0;black;red;0.024303384;0.41382635;0.5618702
2.0;red;red;0.02428298;0.413478;0.56223905
2.0;red;red;0.024270741;0.41354743;0.56218183
1.0;black;red;0.024301937;0.41365245;0.56204563
2.0;red;red;0.02430128;0.41357258;0.5621261
1.0;black;red;0.024284314;0.41351524;0.5622005
2.0;red;red;0.024306428;0.41354513;0.5621484
2.0;red;red;0.024297865;0.41359553;0.5621066
2.0;red;red;0.024288781;0.4135875;0.5621237
2.0;red;red;0.024257848;0.4135861;0.562156
2.0;red;red;0.024248784;0.4134101;0.56234103
1.0;black;red;0.024237795;0.4133788;0.5623834
2.0;red;red;0.024227751;0.4134901;0.56228215
2.0;red;red;0.024270756;0.41333875;0.5623905
1.0;black;red;0.024213638;0.41318828;0.5625981
2.0;red;red;0.024232658;0.4133746;0.5623928
2.0;red;red;0.024234103;0.41316387;0.56260204
1.0;black;red;0.024236279;0.41317692;0.5625868
2.0;red;red;0.024240388;0.41323042;0.56252915
1.0;black;red;0.02422223;0.41309115;0.5626866
2.0;red;red;0.024235703;0.4131835;0.5625808
2.0;red;red;0.024243742;0.41318104;0.5625752
1.0;black;red;0.024244264;0.41308194;0.5626738
1.0;black;red;0.024240004;0.41308737;0.5626726
2.0;red;red;0.024235403;0.4132681;0.5624965
1.0;black;red;0.024271924;0.41319707;0.56253105
1.0;black;red;0.024261968;0.4132127;0.56252533
1.0;black;red;0.024264032;0.413254;0.56248194
1.0;black;red;0.024305768;0.41315478;0.5625395
1.0;black;red;0.024331491;0.41345164;0.5622169
1.0;black;red;0.02432368;0.4134618;0.56221455
1.0;black;red;0.02435976;0.41346082;0.56217945
1.0;black;red;0.024386678;0.41377345;0.5618399
2.0;red;red;0.02439582;0.41386622;0.56173795
2.0;red;red;0.024443135;0.4140302;0.56152666
1.0;black;red;0.024391342;0.41403922;0.5615694
1.0;black;red;0.024424842;0.414125;0.5614502
2.0;red;red;0.024397248;0.41431236;0.5612904
2.0;red;red;0.024413588;0.41434607;0.5612403
1.0;black;red;0.024418363;0.41448292;0.5610987
1.0;black;red;0.024418226;0.4146084;0.5609734
2.0;red;red;0.02439209;0.4147487;0.56085926
2.0;red;red;0.024384705;0.4147095;0.56090575
0.0;green;red;0.02439256;0.41467276;0.5609347
1.0;black;red;0.024372885;0.41469187;0.56093526
1.0;black;red;0.0243706;0.41463503;0.5609944
2.0;red;red;0.024378583;0.41461292;0.5610085
2.0;red;red;0.024392387;0.4147987;0.56080896
1.0;black;red;0.024365945;0.4147764;0.56085765
1.0;black;red;0.02434401;0.41477504;0.56088096
2.0;red;red;0.024396814;0.4146898;0.5609134
2.0;red;red;0.024384221;0.41474724;0.56086856
1.0;black;red;0.02439513;0.41517943;0.5604254
1.0;black;red;0.024387674;0.41472855;0.56088376
1.0;black;red;0.02438661;0.4148132;0.5608002
1.0;black;red;0.024394939;0.41478682;0.56081825
2.0;red;red;0.024405565;0.4146918;0.56090266
2.0;red;red;0.024409322;0.41465893;0.5609317
2.0;red;red;0.024395902;0.41473633;0.5608677
2.0;red;red;0.024397684;0.4146551;0.56094724
2.0;red;red;0.024353951;0.41463965;0.5610064
2.0;red;red;0.024351848;0.41450363;0.5611445
2.0;red;red;0.024342673;0.4144876;0.56116974
1.0;black;red;0.02431811;0.414427;0.56125486
2.0;red;red;0.02430021;0.41435763;0.5613422
1.0;black;red;0.02427107;0.4142784;0.56145054
1.0;black;red;0.024242627;0.41415098;0.5616064
2.0;red;red;0.02428694;0.4141324;0.56158066
2.0;red;red;0.02428931;0.41405764;0.561653
1.0;black;red;0.02430198;0.41390514;0.56179285
1.0;black;red;0.024310028;0.413805;0.561885
1.0;black;red;0.02432246;0.41384497;0.56183255
1.0;black;red;0.024320217;0.41391551;0.5617643
2.0;red;red;0.024341475;0.41389388;0.56176466
2.0;red;red;0.024335058;0.41399604;0.5616689
2.0;red;red;0.024346128;0.4140567;0.5615972
1.0;black;red;0.024378292;0.4139405;0.5616812
1.0;black;red;0.024318274;0.4137287;0.56195295
1.0;black;red;0.024307292;0.41371766;0.561975
1.0;black;red;0.024323449;0.4138604;0.5618161
2.0;red;red;0.024306597;0.4138565;0.5618369
1.0;black;red;0.024325062;0.4137473;0.5619276
1.0;black;red;0.024371633;0.41412142;0.5615069
2.0;red;red;0.02439016;0.41418198;0.56142783
1.0;black;red;0.024389252;0.4142305;0.5613802
1.0;black;red;0.02439909;0.41428304;0.56131786
2.0;red;red;0.024387602;0.41430607;0.56130636
1.0;black;red;0.024387665;0.41440532;0.561207
2.0;red;red;0.024391694;0.41462764;0.5609806
1.0;black;red;0.024390599;0.41462162;0.5609878
1.0;black;red;0.024384744;0.41454598;0.5610693
1.0;black;red;0.02441692;0.41462028;0.56096274
1.0;black;red;0.02440929;0.41473356;0.5608572
2.0;red;red;0.024430797;0.41475472;0.5608145
2.0;red;red;0.024430597;0.4146934;0.56087595
1.0;black;red;0.024422701;0.41476002;0.5608173
2.0;red;red;0.024412908;0.41478395;0.56080306
1.0;black;red;0.024390364;0.4148462;0.5607634
2.0;red;red;0.024378754;0.41495705;0.56066424
0.0;green;red;0.024417333;0.4145883;0.5609943
1.0;black;red;0.024352858;0.41471156;0.5609356
1.0;black;red;0.024369137;0.41484126;0.5607896
2.0;red;red;0.024397617;0.41492522;0.5606772
1.0;black;red;0.024397263;0.41482675;0.560776
2.0;red;red;0.024403034;0.4148524;0.5607446
2.0;red;red;0.024422042;0.4148176;0.56076044
1.0;black;red;0.02438723;0.4148697;0.56074303
1.0;black;red;0.024407098;0.4150498;0.5605432
2.0;red;red;0.024407929;0.41512924;0.56046283
1.0;black;red;0.02439337;0.41480035;0.56080633
2.0;red;red;0.024421006;0.4150166;0.5605624
1.0;black;red;0.024381535;0.41490486;0.5607136
1.0;black;red;0.024404272;0.41510364;0.5604921
2.0;red;red;0.024395986;0.4146771;0.5609269
1.0;black;red;0.024362851;0.41484544;0.56079173
2.0;red;red;0.024382455;0.4147455;0.560872
1.0;black;red;0.024380466;0.41466153;0.560958
2.0;red;red;0.024378449;0.41462892;0.5609926
1.0;black;red;0.02438712;0.41467386;0.5609391
2.0;red;red;0.024369504;0.41463;0.5610005
1.0;black;red;0.02436028;0.41465393;0.5609858
1.0;black;red;0.02435952;0.41465098;0.5609895
2.0;red;red;0.024400443;0.41452122;0.5610783
1.0;black;red;0.02439117;0.4145881;0.5610208
1.0;black;red;0.024359358;0.41457924;0.5610614
1.0;black;red;0.024374139;0.41449827;0.56112754
2.0;red;red;0.024380205;0.41460037;0.5610194
1.0;black;red;0.02439203;0.41452658;0.5610814
1.0;black;red;0.0244031;0.41465732;0.5609396
1.0;black;red;0.02441092;0.4147485;0.56084055
2.0;red;red;0.024437292;0.41457453;0.5609882
1.0;black;red;0.024433963;0.41474095;0.5608251
1.0;black;red;0.0244398;0.4148804;0.56067973
1.0;black;red;0.02444651;0.41483575;0.56071776
1.0;black;red;0.02444193;0.41490352;0.5606545
1.0;black;red;0.024466379;0.41492775;0.5606059
2.0;red;red;0.024457222;0.41513875;0.56040406
2.0;red;red;0.02446886;0.41522866;0.56030244
1.0;black;red;0.024490414;0.41522083;0.5602887
2.0;red;red;0.024470946;0.41501185;0.5605172
2.0;red;red;0.024457883;0.41499892;0.5605432
1.0;black;red;0.024424642;0.41507712;0.56049824
2.0;red;red;0.024409564;0.41505957;0.5605309
2.0;red;red;0.02440867;0.41515929;0.560432
2.0;red;red;0.024388205;0.41502342;0.56058836
2.0;red;red;0.024363492;0.41505697;0.5605795
2.0;red;red;0.024348637;0.41496018;0.56069124
2.0;red;red;0.024294095;0.4146502;0.5610557
1.0;black;red;0.024291005;0.4144707;0.5612383
2.0;red;red;0.024280665;0.41465816;0.5610612
2.0;red;red;0.024286842;0.41407847;0.56163466
1.0;black;red;0.024260106;0.41406932;0.56167054
1.0;black;red;0.024259044;0.41409925;0.5616417
2.0;red;red;0.024263093;0.41388175;0.5618552
2.0;red;red;0.024299527;0.41376612;0.56193435
2.0;red;red;0.024274874;0.41385433;0.56187075
1.0;black;red;0.024288846;0.41371372;0.5619974
1.0;black;red;0.02428491;0.41367888;0.56203616
1.0;black;red;0.024292545;0.41354755;0.5621599
0.0;green;red;0.024275888;0.41340405;0.5623201
2.0;red;red;0.024275765;0.41338903;0.5623352
1.0;black;red;0.024299568;0.413508;0.56219244
1.0;black;red;0.024299998;0.41357693;0.5621231
2.0;red;red;0.024308518;0.41359857;0.5620929
1.0;black;red;0.02431146;0.413554;0.5621345
1.0;black;red;0.02433018;0.41378424;0.5618856
1.0;black;red;0.024341779;0.41374058;0.56191766
1.0;black;red;0.024363428;0.41399366;0.5616429
2.0;red;red;0.02440074;0.4141394;0.5614599
2.0;red;red;0.024418514;0.41443372;0.56114775
2.0;red;red;0.024391396;0.41415405;0.56145453
1.0;black;red;0.024392065;0.41442373;0.5611842
1.0;black;red;0.02438694;0.41442156;0.5611915
2.0;red;red;0.02439432;0.4144618;0.56114393
1.0;black;red;0.02438841;0.41451523;0.56109643
2.0;red;red;0.024367457;0.41459998;0.56103253
2.0;red;red;0.024369739;0.4146514;0.5609789
2.0;red;red;0.024382828;0.4145877;0.5610295
2.0;red;red;0.024364388;0.41453597;0.56109965
2.0;red;red;0.024334248;0.41439322;0.5612725
2.0;red;red;0.024318188;0.4144032;0.5612786
1.0;black;red;0.024286844;0.41440248;0.5613107
1.0;black;red;0.024298213;0.41415083;0.561551
2.0;red;red;0.024285544;0.41421917;0.56149524
2.0;red;red;0.024302877;0.41427162;0.56142545
2.0;red;red;0.024291687;0.41399857;0.56170976
2.0;red;red;0.024273349;0.4138386;0.5618881
2.0;red;red;0.024269633;0.4138026;0.5619278
2.0;red;red;0.02426846;0.41371268;0.5620189
1.0;black;red;0.024272367;0.41344228;0.56228536
2.0;red;red;0.024221724;0.41332096;0.5624573
1.0;black;red;0.024264835;0.41338903;0.5623461
1.0;black;red;0.024223253;0.4132922;0.5624845
1.0;black;red;0.024239402;0.41307068;0.56268996
2.0;red;red;0.024230469;0.41315258;0.56261694
1.0;black;red;0.024278196;0.41307926;0.5626426
1.0;black;red;0.024276555;0.41315028;0.5625732
2.0;red;red;0.024270965;0.41321096;0.56251806
2.0;red;red;0.02430792;0.4132318;0.5624603
2.0;red;red;0.024303287;0.41315776;0.562539
1.0;black;red;0.02430637;0.4133838;0.5623098
1.0;black;red;0.024286399;0.41334274;0.56237084
1.0;black;red;0.024281614;0.4132725;0.5624459
1.0;black;red;0.024280783;0.413593;0.56212616
1.0;black;red;0.024310231;0.4135719;0.5621179
1.0;black;red;0.024325317;0.4137572;0.5619175
1.0;black;red;0.024363985;0.4136612;0.5619748
1.0;black;red;0.024369828;0.4139473;0.5616829
2.0;red;red;0.02439598;0.41386443;0.5617396
1.0;black;red;0.024407035;0.4143737;0.56121933
1.0;black;red;0.024409557;0.41414908;0.56144136
1.0;black;red;0.024460131;0.41456515;0.5609747
2.0;red;red;0.024463499;0.41458008;0.5609565
2.0;red;red;0.02445459;0.41488308;0.5606623
1.0;black;red;0.024443714;0.41487533;0.560681
1.0;black;red;0.024441522;0.41481167;0.5607468
1.0;black;red;0.024439935;0.41493976;0.5606203
2.0;red;red;0.024449602;0.41500568;0.56054467
2.0;red;red;0.024449809;0.41507816;0.560472
1.0;black;red;0.024450073;0.4150755;0.56047446
1.0;black;red;0.024442678;0.41495523;0.5606021
2.0;red;red;0.024421833;0.41511762;0.56046057
1.0;black;red;0.024424272;0.41502476;0.560551
1.0;black;red;0.024439212;0.4149218;0.56063896
2.0;red;red;0.024448773;0.4152115;0.56033975
2.0;red;red;0.024427673;0.4151916;0.5603807
1.0;black;red;0.024412937;0.41515726;0.5604298
1.0;black;red;0.02441578;0.41480288;0.56078136
1.0;black;red;0.02441072;0.41519678;0.56039256
1.0;black;red;0.024434384;0.41500872;0.5605569
1.0;black;red;0.024446378;0.41510043;0.5604532
2.0;red;red;0.024428971;0.41504964;0.5605214
1.0;black;red;0.024454046;0.41497898;0.56056696
2.0;red;red;0.02444631;0.41500956;0.56054413
1.0;black;red;0.02447242;0.4150249;0.5605027
1.0;black;red;0.024475804;0.41508466;0.5604395
1.0;black;red;0.024480391;0.4150018;0.5605178
1.0;black;red;0.024424685;0.4152834;0.5602919
1.0;black;red;0.024460435;0.41521552;0.5603241
2.0;red;red;0.024466872;0.4149549;0.5605782
1.0;black;red;0.024487156;0.41527465;0.5602382
1.0;black;red;0.024487235;0.41530886;0.5602039
1.0;black;red;0.02450857;0.4154068;0.56008464
2.0;red;red;0.024515394;0.41550648;0.5599781
1.0;black;red;0.02451739;0.41556162;0.55992097
0.0;green;red;0.024501733;0.4155734;0.5599249
1.0;black;red;0.02449963;0.41547665;0.5600237
2.0;red;red;0.024529517;0.41557297;0.55989754
2.0;red;red;0.024498716;0.41551533;0.559986
1.0;black;red;0.024514755;0.4156745;0.5598107
1.0;black;red;0.02449949;0.41558304;0.55991745
2.0;red;red;0.024491524;0.4156071;0.5599014
2.0;red;red;0.024517424;0.41563344;0.55984914
1.0;black;red;0.024458403;0.4156378;0.5599038
2.0;red;red;0.024449378;0.41564122;0.55990946
2.0;red;red;0.024423862;0.41561344;0.5599627
1.0;black;red;0.024407841;0.41538405;0.560208
1.0;black;red;0.024394607;0.41540286;0.56020254
2.0;red;red;0.024410423;0.41541877;0.5601709
2.0;red;red;0.02438452;0.4151651;0.56045043
2.0;red;red;0.024398701;0.4150733;0.56052804
1.0;black;red;0.024372973;0.4150767;0.56055033
1.0;black;red;0.024360152;0.41502395;0.5606159
1.0;black;red;0.024375726;0.41471413;0.56091017
1.0;black;red;0.024388008;0.4148187;0.5607933
2.0;red;red;0.024396807;0.41470692;0.5608963
2.0;red;red;0.024369568;0.41456324;0.5610672
0.0;green;red;0.024380537;0.4144008;0.5612186
2.0;red;red;0.02436241;0.41442266;0.561215
1.0;black;red;0.024368815;0.414502;0.56112915
1.0;black;red;0.024331693;0.41441002;0.5612583
1.0;black;red;0.02436995;0.4145063;0.5611237
1.0;black;red;0.024344105;0.41451985;0.56113607
2.0;red;red;0.02434983;0.41454345;0.5611068
1.0;black;red;0.024409993;0.4147228;0.5608672
1.0;black;red;0.024410537;0.41461033;0.5609791
1.0;black;red;0.024395363;0.41467634;0.5609283
2.0;red;red;0.024446387;0.41473302;0.56082064
1.0;black;red;0.02444461;0.4147567;0.5607987
1.0;black;red;0.02443441;0.4150076;0.560558
1.0;black;red;0.024432376;0.41493592;0.56063163
2.0;red;red;0.024464456;0.41485694;0.56067866
2.0;red;red;0.024457058;0.4149788;0.56056416
1.0;black;red;0.024475984;0.4149474;0.5605767
1.0;black;red;0.024448888;0.41496202;0.5605891
2.0;red;red;0.024432097;0.41512632;0.5604416
1.0;black;red;0.024427343;0.41493943;0.56063324
1.0;black;red;0.024424952;0.41492635;0.56064874
2.0;red;red;0.024436459;0.41508335;0.5604802
1.0;black;red;0.024440732;0.4153076;0.5602516
0.0;green;red;0.024436671;0.41531476;0.56024855
2.0;red;red;0.024445415;0.41527975;0.5602748
1.0;black;red;0.024429865;0.415208;0.5603621
1.0;black;red;0.024445847;0.41518536;0.56036884
2.0;red;red;0.024459686;0.41532323;0.5602171
2.0;red;red;0.024445467;0.41514257;0.560412
2.0;red;red;0.024453798;0.4152147;0.56033146
2.0;red;red;0.024406623;0.41500983;0.5605836
1.0;black;red;0.024380663;0.41519985;0.5604195
2.0;red;red;0.024387361;0.41505656;0.56055605
2.0;red;red;0.02436705;0.4150958;0.56053716
1.0;black;red;0.024343124;0.4150263;0.56063056
1.0;black;red;0.024336841;0.4147635;0.5608996
2.0;red;red;0.024320101;0.41462556;0.56105435
1.0;black;red;0.024330715;0.41461042;0.5610589
1.0;black;red;0.02434535;0.41452217;0.5611325
1.0;black;red;0.02435344;0.4143317;0.5613149
0.0;green;red;0.024401883;0.41469324;0.5609049
2.0;red;red;0.024412971;0.4143605;0.56122655
2.0;red;red;0.024375629;0.41444224;0.56118214
1.0;black;red;0.024382848;0.41439855;0.5612186
1.0;black;red;0.024355628;0.41452184;0.56112254
1.0;black;red;0.02439044;0.41444725;0.56116235
2.0;red;red;0.024369933;0.41469106;0.56093895
1.0;black;red;0.024397718;0.41457722;0.56102514
2.0;red;red;0.024387943;0.4146585;0.56095356
1.0;black;red;0.0243982;0.4146759;0.5609259
1.0;black;red;0.02439757;0.41460273;0.5609997
2.0;red;red;0.024423093;0.41476616;0.56081074
1.0;black;red;0.024424534;0.41471004;0.5608654
2.0;red;red;0.024406316;0.4148534;0.56074023
1.0;black;red;0.024389977;0.4147946;0.56081545
1.0;black;red;0.024395546;0.4147607;0.5608437
1.0;black;red;0.02441362;0.41466746;0.5609189
1.0;black;red;0.024415858;0.4147987;0.5607854
1.0;black;red;0.02441415;0.41479364;0.5607922
2.0;red;red;0.024425963;0.4149749;0.56059915
2.0;red;red;0.024445826;0.41504624;0.56050795
1.0;black;red;0.024437627;0.4150621;0.56050026
1.0;black;red;0.024431039;0.4149464;0.5606226
2.0;red;red;0.02443307;0.4149509;0.56061596
1.0;black;red;0.024438579;0.4149211;0.5606403
2.0;red;red;0.024423305;0.41497323;0.5606035
2.0;red;red;0.024430176;0.41486672;0.5607031
1.0;black;red;0.024407553;0.4149343;0.56065816
1.0;black;red;0.024392154;0.41486245;0.5607454
2.0;red;red;0.024383038;0.4148152;0.56080174
2.0;red;red;0.024384188;0.41468465;0.56093115
2.0;red;red;0.024357619;0.41477028;0.56087214
2.0;red;red;0.024347017;0.4147054;0.56094754
2.0;red;red;0.024341589;0.41465423;0.56100416
2.0;red;red;0.024327688;0.41449124;0.56118107
2.0;red;red;0.024328941;0.41446552;0.56120557
2.0;red;red;0.0242703;0.41429827;0.5614314
2.0;red;red;0.024258465;0.41426486;0.5614767
1.0;black;red;0.024241949;0.41412607;0.561632
2.0;red;red;0.024238164;0.41377825;0.5619835
1.0;black;red;0.02426674;0.41370443;0.5620289
2.0;red;red;0.024249129;0.41359362;0.5621572
1.0;black;red;0.024264088;0.41360417;0.5621317
2.0;red;red;0.024250776;0.41378844;0.56196076
2.0;red;red;0.024260813;0.41355056;0.5621886
1.0;black;red;0.024254486;0.4134214;0.56232417
2.0;red;red;0.024241896;0.41311365;0.5626445
1.0;black;red;0.024249502;0.41310552;0.56264496
2.0;red;red;0.02429188;0.41289118;0.5628169
2.0;red;red;0.024270425;0.41302088;0.5627087
0.0;green;red;0.02424367;0.41307732;0.56267893
2.0;red;red;0.02423617;0.41303572;0.5627281
2.0;red;red;0.02420611;0.41322723;0.56256664
1.0;black;red;0.024217738;0.41315013;0.56263214
2.0;red;red;0.024204403;0.41332144;0.56247413
1.0;black;red;0.024241464;0.41319916;0.5625593
1.0;black;red;0.024258364;0.4131701;0.5625716
1.0;black;red;0.024273198;0.413203;0.5625238
2.0;red;red;0.024276884;0.41324618;0.56247693
1.0;black;red;0.024287518;0.413455;0.56225747
1.0;black;red;0.02430759;0.413547;0.5621454
1.0;black;red;0.024305314;0.41355434;0.56214035
2.0;red;red;0.024333244;0.4135129;0.5621539
1.0;black;red;0.024356788;0.4137127;0.56193054
1.0;black;red;0.024363281;0.41361803;0.5620187
2.0;red;red;0.024385897;0.41394624;0.56166786
1.0;black;red;0.024392996;0.4139602;0.56164676
1.0;black;red;0.024359338;0.41415307;0.5614876
1.0;black;red;0.024380684;0.41414836;0.5614709
1.0;black;red;0.024412438;0.41435602;0.56123155
2.0;red;red;0.024412492;0.41477036;0.5608171
2.0;red;red;0.024400039;0.41466627;0.5609337
2.0;red;red;0.024432376;0.41446126;0.5611063
2.0;red;red;0.024395194;0.41479343;0.5608114
1.0;black;red;0.024389964;0.4146191;0.56099087
2.0;red;red;0.024391878;0.41450018;0.5611079
2.0;red;red;0.024341479;0.4145738;0.5610847
2.0;red;red;0.02432031;0.41449374;0.56118596
1.0;black;red;0.02431944;0.41453898;0.56114155
1.0;black;red;0.024322413;0.4144759;0.5612017
1.0;black;red;0.024320323;0.4145279;0.5611518
1.0;black;red;0.024343422;0.41437235;0.5612842
2.0;red;red;0.024354026;0.41437185;0.5612741
0.0;green;red;0.024382535;0.41440284;0.56121457
1.0;black;red;0.024377838;0.4144496;0.56117254
2.0;red;red;0.024352659;0.41429415;0.56135315
2.0;red;red;0.024370989;0.41430107;0.56132793
1.0;black;red;0.024383215;0.41442978;0.561187
2.0;red;red;0.024365222;0.41434556;0.56128925
1.0;black;red;0.024377;0.41449824;0.5611248
0.0;green;red;0.024347078;0.41452283;0.56113005
2.0;red;red;0.024388196;0.41452703;0.5610848
1.0;black;red;0.024363596;0.4145651;0.5610713
1.0;black;red;0.024360413;0.4144727;0.5611669
2.0;red;red;0.024359984;0.4146322;0.56100786
1.0;black;red;0.02439586;0.4146286;0.5609756
2.0;red;red;0.024396129;0.41469523;0.5609086
2.0;red;red;0.024395071;0.4145787;0.5610262
1.0;black;red;0.024388153;0.4146185;0.5609934
1.0;black;red;0.024391938;0.41464353;0.5609646
1.0;black;red;0.024413414;0.41482857;0.560758
2.0;red;red;0.024358625;0.41486123;0.5607801
1.0;black;red;0.024375133;0.4146927;0.56093216
2.0;red;red;0.024396246;0.4146595;0.56094426
1.0;black;red;0.024404392;0.4146606;0.560935
1.0;black;red;0.024383634;0.4147477;0.5608687
2.0;red;red;0.024413168;0.41459244;0.56099445
1.0;black;red;0.024409378;0.41462663;0.560964
2.0;red;red;0.024416134;0.41465992;0.560924
2.0;red;red;0.024404239;0.4147172;0.5608786
1.0;black;red;0.024415009;0.41462392;0.56096107
1.0;black;red;0.02437834;0.41456223;0.5610595
1.0;black;red;0.024375373;0.4145797;0.56104493
1.0;black;red;0.024402278;0.4146331;0.56096464
1.0;black;red;0.024407705;0.41444093;0.5611514
2.0;red;red;0.024401926;0.414651;0.56094706
1.0;black;red;0.02439703;0.41469285;0.56091017
1.0;black;red;0.024424601;0.41458738;0.56098795
2.0;red;red;0.024437377;0.41472965;0.560833
2.0;red;red;0.02442599;0.41474274;0.56083125
1.0;black;red;0.0244426;0.41460803;0.5609494
1.0;black;red;0.024430558;0.41458938;0.5609801
2.0;red;red;0.024444018;0.4147452;0.5608108
1.0;black;red;0.02441156;0.4147758;0.5608126
1.0;black;red;0.024396343;0.41477123;0.56083244
1.0;black;red;0.024412712;0.41473868;0.5608486
2.0;red;red;0.024419097;0.41468552;0.5608954
1.0;black;red;0.024421073;0.41472045;0.5608585
2.0;red;red;0.024448736;0.41483712;0.5607142
2.0;red;red;0.024415512;0.41475964;0.5608249
2.0;red;red;0.024418054;0.41477084;0.5608111
2.0;red;red;0.02439725;0.41477355;0.56082916
2.0;red;red;0.024348456;0.4147174;0.5609341
1.0;black;red;0.024350049;0.41467184;0.56097806
2.0;red;red;0.024344677;0.41463384;0.5610215
2.0;red;red;0.024328373;0.4145745;0.5610971
2.0;red;red;0.024288697;0.4143898;0.56132144
1.0;black;red;0.024294158;0.41425893;0.56144685
1.0;black;red;0.024290998;0.41410926;0.5615998
0.0;green;red;0.024303991;0.41409665;0.5615993
1.0;black;red;0.024301903;0.41411158;0.56158644
1.0;black;red;0.024284512;0.4140965;0.56161904
2.0;red;red;0.02431734;0.41416436;0.56151825
2.0;red;red;0.02434125;0.41412532;0.5615334
2.0;red;red;0.024360042;0.4141418;0.5614981
1.0;black;red;0.024333822;0.41413227;0.5615339
2.0;red;red;0.024338622;0.41430613;0.5613553
1.0;black;red;0.02433263;0.4141959;0.56147146
1.0;black;red;0.024316862;0.4141743;0.5615088
1.0;black;red;0.024334177;0.41423908;0.56142676
2.0;red;red;0.024345618;0.4142299;0.5614245
1.0;black;red;0.024370829;0.41427365;0.5613556
2.0;red;red;0.024384398;0.41422835;0.5613873
2.0;red;red;0.024375487;0.4141943;0.56143016
1.0;black;red;0.02437097;0.41423407;0.56139493
1.0;black;red;0.024375264;0.4142201;0.56140465
2.0;red;red;0.02435303;0.414395;0.561252
1.0;black;red;0.024347981;0.4144508;0.5612012
2.0;red;red;0.024348823;0.4144084;0.56124276
1.0;black;red;0.02437891;0.4143454;0.56127566
1.0;black;red;0.024345845;0.41433096;0.56132317
2.0;red;red;0.024355026;0.41438124;0.56126374
1.0;black;red;0.024348296;0.41435632;0.5612954
1.0;black;red;0.024375282;0.41438463;0.56124
2.0;red;red;0.024381919;0.4144897;0.5611284
1.0;black;red;0.024369624;0.4143529;0.5612775
1.0;black;red;0.02436929;0.41455165;0.5610791
1.0;black;red;0.024385808;0.41448936;0.5611248
1.0;black;red;0.0243622;0.41465414;0.5609836
2.0;red;red;0.024423972;0.41455275;0.56102324
1.0;black;red;0.024439229;0.41457576;0.560985
1.0;black;red;0.024422145;0.41468966;0.5608882
2.0;red;red;0.024423413;0.4146848;0.5608918
2.0;red;red;0.024444364;0.41471565;0.5608401
2.0;red;red;0.024427023;0.41471526;0.56085765
1.0;black;red;0.02440897;0.4146939;0.5608972
2.0;red;red;0.024379786;0.41485623;0.56076396
2.0;red;red;0.02438831;0.4146831;0.5609286
1.0;black;red;0.02436583;0.41469282;0.56094134
1.0;black;red;0.024363827;0.4144911;0.5611451
1.0;black;red;0.024349416;0.41456437;0.56108624
2.0;red;red;0.024330055;0.4146554;0.56101453
2.0;red;red;0.024353227;0.41460213;0.5610447
1.0;black;red;0.024352098;0.41448644;0.56116146
2.0;red;red;0.0243617;0.41441074;0.56122756
2.0;red;red;0.024338972;0.4144809;0.5611801
2.0;red;red;0.024339227;0.41449827;0.5611625
1.0;black;red;0.024332892;0.41433078;0.56133634
1.0;black;red;0.024307985;0.41425338;0.5614386
2.0;red;red;0.02433141;0.41415703;0.5615116
2.0;red;red;0.02433721;0.4143268;0.561336
2.0;red;red;0.024308858;0.41419047;0.56150067
2.0;red;red;0.024314126;0.41412577;0.5615601
1.0;black;red;0.02431211;0.41402516;0.56166273
2.0;red;red;0.024311202;0.41394052;0.56174827
2.0;red;red;0.024277057;0.41395268;0.5617703
2.0;red;red;0.024283307;0.41379547;0.5619212
1.0;black;red;0.024266556;0.4137726;0.5619608
1.0;black;red;0.024276681;0.41366956;0.56205374
2.0;red;red;0.024267506;0.4136957;0.5620368
1.0;black;red;0.024253871;0.4134171;0.562329
2.0;red;red;0.024272569;0.4133009;0.5624265
2.0;red;red;0.024270225;0.4134151;0.5623147
1.0;black;red;0.024262615;0.4133926;0.56234473
2.0;red;red;0.024263894;0.41329303;0.5624431
1.0;black;red;0.024265302;0.41339087;0.5623438
2.0;red;red;0.024279784;0.41329435;0.5624259
2.0;red;red;0.024265548;0.4133346;0.56239986
2.0;red;red;0.024259543;0.41330254;0.56243795
1.0;black;red;0.02425626;0.4132859;0.5624578
2.0;red;red;0.024262799;0.41335252;0.56238467
2.0;red;red;0.024243718;0.41342783;0.56232846
1.0;black;red;0.024250103;0.41326907;0.5624808
0.0;green;red;0.0242528;0.41329372;0.5624535
2.0;red;red;0.024245461;0.41340327;0.5623513
1.0;black;red;0.024263982;0.41340467;0.5623314
1.0;black;red;0.024236359;0.4133181;0.5624455
0.0;green;red;0.02428296;0.41331118;0.5624058
2.0;red;red;0.024264999;0.41354647;0.5621885
1.0;black;red;0.024277993;0.41359186;0.5621301
2.0;red;red;0.024293976;0.4137931;0.56191295
1.0;black;red;0.024295317;0.4137965;0.5619082
2.0;red;red;0.024312872;0.41397253;0.5617146
1.0;black;red;0.024325093;0.4140252;0.56164974
2.0;red;red;0.024343109;0.4140409;0.561616
2.0;red;red;0.024350017;0.4143489;0.56130105
1.0;black;red;0.024364917;0.41428393;0.5613511
1.0;black;red;0.024355244;0.41437763;0.56126714
2.0;red;red;0.024366135;0.4143852;0.56124866
1.0;black;red;0.024383038;0.41441414;0.5612029
2.0;red;red;0.024360036;0.4144896;0.5611504
2.0;red;red;0.024374152;0.4144143;0.5612116
2.0;red;red;0.024363982;0.41437685;0.56125915
1.0;black;red;0.024335306;0.41443807;0.5612266
2.0;red;red;0.024331173;0.41437647;0.56129235
1.0;black;red;0.0243417;0.4142354;0.5614229
2.0;red;red;0.02430897;0.41412047;0.5615706
1.0;black;red;0.024325505;0.41418505;0.56148946
1.0;black;red;0.024339015;0.41400468;0.5616563
0.0;green;red;0.024342284;0.41401866;0.561639
1.0;black;red;0.024329603;0.41421697;0.56145346
2.0;red;red;0.024314452;0.41419718;0.56148833
2.0;red;red;0.02432919;0.41423178;0.56143904
2.0;red;red;0.024345055;0.41435125;0.5613037
1.0;black;red;0.024337977;0.41426665;0.5613954
1.0;black;red;0.024331247;0.4143287;0.5613401
2.0;red;red;0.024370095;0.41423884;0.5613911
2.0;red;red;0.024350867;0.4143124;0.56133676
2.0;red;red;0.024358237;0.41423258;0.56140924
1.0;black;red;0.02434125;0.41440967;0.56124914
2.0;red;red;0.024347967;0.41423628;0.56141573
1.0;black;red;0.024315592;0.4144354;0.5612491
2.0;red;red;0.024319425;0.41428694;0.5613936
1.0;black;red;0.02429394;0.41412804;0.561578
1.0;black;red;0.02432842;0.41434684;0.5613248
1.0;black;red;0.024327932;0.41417906;0.56149304
2.0;red;red;0.024364578;0.41405952;0.5615759
1.0;black;red;0.02433512;0.41421747;0.5614474
1.0;black;red;0.024351351;0.41419017;0.56145847
1.0;black;red;0.024364894;0.41413033;0.5615047
2.0;red;red;0.024367468;0.41423762;0.5613949
2.0;red;red;0.024412803;0.4141722;0.561415
1.0;black;red;0.024383953;0.4143201;0.5612959
2.0;red;red;0.024386823;0.4143618;0.56125134
1.0;black;red;0.02436432;0.41451725;0.5611184
2.0;red;red;0.02439072;0.41435218;0.56125706
1.0;black;red;0.02435478;0.4143765;0.56126875
2.0;red;red;0.024343178;0.4143464;0.5613104
2.0;red;red;0.024364108;0.41427237;0.5613635
2.0;red;red;0.024307761;0.41440332;0.5612889
1.0;black;red;0.024313444;0.4143182;0.56136835
1.0;black;red;0.024310792;0.4142369;0.56145227
1.0;black;red;0.024305677;0.41426834;0.561426
1.0;black;red;0.024322523;0.414419;0.56125844
0.0;green;red;0.024368344;0.41425413;0.5613776
0.0;green;red;0.024349947;0.41432992;0.5613201
2.0;red;red;0.02436439;0.4144246;0.56121105
1.0;black;red;0.024375895;0.4145071;0.561117
2.0;red;red;0.024385964;0.41444847;0.5611656
1.0;black;red;0.024397507;0.41467404;0.5609284
2.0;red;red;0.024405114;0.4146211;0.56097376
2.0;red;red;0.024390863;0.41473162;0.56087756
2.0;red;red;0.024387635;0.4147992;0.5608132
2.0;red;red;0.024349632;0.41488498;0.5607654
1.0;black;red;0.024362013;0.41483322;0.5608048
1.0;black;red;0.024339477;0.4147629;0.5608976
2.0;red;red;0.024352362;0.41481096;0.5608367
1.0;black;red;0.024323853;0.4147726;0.56090355
1.0;black;red;0.024374936;0.41505727;0.5605678
2.0;red;red;0.024396243;0.41481885;0.5607849
2.0;red;red;0.024376748;0.41452157;0.5611017
2.0;red;red;0.024337279;0.4147213;0.5609414
2.0;red;red;0.024347214;0.4144859;0.5611669
1.0;black;red;0.024334831;0.4143375;0.56132764
1.0;black;red;0.02431689;0.41435364;0.5613295
1.0;black;red;0.02431669;0.41417462;0.5615087
2.0;red;red;0.024333125;0.4141865;0.56148034
1.0;black;red;0.024358643;0.4142333;0.5614081
1.0;black;red;0.024343662;0.4142269;0.56142944
2.0;red;red;0.024377085;0.4142531;0.56136984
2.0;red;red;0.024348907;0.4141957;0.56145537
2.0;red;red;0.024348292;0.41425362;0.5613981
1.0;black;red;0.024318123;0.41409376;0.5615881
2.0;red;red;0.024316547;0.41412657;0.5615568
2.0;red;red;0.024326805;0.41421148;0.5614617
2.0;red;red;0.024314221;0.41410553;0.56158024
2.0;red;red;0.024299882;0.4139002;0.56179994
0.0;green;red;0.024295764;0.41386136;0.56184286
1.0;black;red;0.024276739;0.41368484;0.5620384
1.0;black;red;0.024248948;0.4140327;0.5617183
2.0;red;red;0.024287088;0.4139561;0.56175685
1.0;black;red;0.024290364;0.41402468;0.56168497
2.0;red;red;0.024289541;0.4140948;0.56161565
2.0;red;red;0.024318526;0.41402718;0.56165427
2.0;red;red;0.024295721;0.41402662;0.56167763
2.0;red;red;0.024292871;0.41400054;0.5617066
2.0;red;red;0.024297424;0.41392398;0.5617786
2.0;red;red;0.024310198;0.41385832;0.5618315
1.0;black;red;0.02425761;0.4138497;0.5618927
1.0;black;red;0.024268342;0.41385385;0.56187785
2.0;red;red;0.02426972;0.4137742;0.5619561
2.0;red;red;0.024270149;0.41383958;0.56189024
1.0;black;red;0.024278557;0.41373053;0.5619909
0.0;green;red;0.024266453;0.41372663;0.56200695
1.0;black;red;0.024271736;0.4134572;0.5622711
1.0;black;red;0.024293065;0.41337737;0.5623296
2.0;red;red;0.024279987;0.41356078;0.56215924
2.0;red;red;0.024313705;0.4134323;0.562254
1.0;black;red;0.02429871;0.41353622;0.5621651
1.0;black;red;0.024289522;0.41370687;0.5620037
2.0;red;red;0.024298655;0.41377667;0.56192464
1.0;black;red;0.024316026;0.41394946;0.56173456
1.0;black;red;0.024329482;0.4138728;0.5617977
1.0;black;red;0.024345944;0.41396496;0.56168914
2.0;red;red;0.024358919;0.41403946;0.56160164
1.0;black;red;0.024370288;0.41399735;0.56163234
1.0;black;red;0.02439147;0.4144003;0.56120825
1.0;black;red;0.02440798;0.41441134;0.56118065
1.0;black;red;0.024405563;0.41442597;0.56116843
2.0;red;red;0.024433248;0.41452992;0.5610369
2.0;red;red;0.024450565;0.41462937;0.56092006
2.0;red;red;0.024410388;0.41462785;0.5609617
2.0;red;red;0.024419917;0.4147099;0.5608702
2.0;red;red;0.024378104;0.41470215;0.5609197
1.0;black;red;0.024359705;0.414764;0.56087625
2.0;red;red;0.024361083;0.41447744;0.56116146
2.0;red;red;0.024352869;0.41450134;0.5611458
1.0;black;red;0.024329945;0.4144619;0.5612081
1.0;black;red;0.024313193;0.41455853;0.56112826
2.0;red;red;0.02431856;0.41456664;0.5611148
1.0;black;red;0.024344854;0.41430664;0.5613485
1.0;black;red;0.024321042;0.4143429;0.56133604
1.0;black;red;0.02434462;0.4143142;0.5613412
2.0;red;red;0.024339002;0.41445705;0.56120396
1.0;black;red;0.024362307;0.41429988;0.56133777
1.0;black;red;0.024352105;0.4141797;0.5614682
2.0;red;red;0.024363702;0.41429123;0.56134504
2.0;red;red;0.024375957;0.41423416;0.5613899
1.0;black;red;0.024359357;0.41429847;0.5613421
2.0;red;red;0.024368718;0.4142571;0.5613742
2.0;red;red;0.024366828;0.41432828;0.5613049
1.0;black;red;0.024352621;0.41430417;0.5613432
2.0;red;red;0.02431866;0.4140947;0.5615866
1.0;black;red;0.024324639;0.41417724;0.5614981
1.0;black;red;0.024347628;0.41414136;0.561511
2.0;red;red;0.024341114;0.41421202;0.56144685
1.0;black;red;0.0243377;0.41419825;0.5614641
1.0;black;red;0.02433246;0.41428685;0.5613807
1.0;black;red;0.024341648;0.41430223;0.56135607
2.0;red;red;0.02437546;0.41435236;0.5612722
2.0;red;red;0.024367945;0.41424307;0.5613889
2.0;red;red;0.024374658;0.41426352;0.5613619
1.0;black;red;0.024362471;0.4144568;0.5611807
1.0;black;red;0.024341935;0.4145169;0.56114113
1.0;black;red;0.02436298;0.41434693;0.5612901
2.0;red;red;0.024344692;0.41433164;0.5613237
2.0;red;red;0.024352705;0.41430566;0.56134164
0.0;green;red;0.024359986;0.41446808;0.56117195
1.0;black;red;0.024332434;0.4143686;0.56129897
2.0;red;red;0.024350207;0.4144399;0.5612099
2.0;red;red;0.02436312;0.41433677;0.5613001
1.0;black;red;0.024347268;0.41442105;0.5612317
2.0;red;red;0.024341999;0.4144607;0.56119734
1.0;black;red;0.024353836;0.41439033;0.5612558
1.0;black;red;0.024351042;0.4143392;0.56130975
1.0;black;red;0.024363777;0.41443223;0.561204
2.0;red;red;0.024362765;0.41447434;0.5611629
1.0;black;red;0.024386326;0.4145159;0.56109774
2.0;red;red;0.024375191;0.4145929;0.56103194
1.0;black;red;0.024383072;0.41463733;0.5609796
0.0;green;red;0.024382541;0.41450778;0.56110966
1.0;black;red;0.024417896;0.41455504;0.56102705
2.0;red;red;0.0243972;0.41468266;0.5609202
1.0;black;red;0.024405355;0.4146482;0.5609464
2.0;red;red;0.024411704;0.4147031;0.5608852
2.0;red;red;0.024407066;0.41462746;0.5609655
2.0;red;red;0.02441462;0.41476357;0.56082183
1.0;black;red;0.024372274;0.4147533;0.56087446
2.0;red;red;0.024374293;0.4147378;0.5608879
2.0;red;red;0.024375271;0.4147796;0.56084514
2.0;red;red;0.024357801;0.41471916;0.560923
0.0;green;red;0.024313977;0.4145975;0.5610885
2.0;red;red;0.02431027;0.41457602;0.5611137
2.0;red;red;0.024317227;0.41452527;0.56115746
1.0;black;red;0.024274247;0.4144276;0.5612982
2.0;red;red;0.024285052;0.4143652;0.5613497
1.0;black;red;0.024275836;0.41433766;0.5613865
2.0;red;red;0.02429904;0.41418523;0.5615158
1.0;black;red;0.024292685;0.41427976;0.56142753
2.0;red;red;0.024295416;0.4141773;0.5615273
2.0;red;red;0.024295993;0.41402972;0.5616743
1.0;black;red;0.02431521;0.4139526;0.5617322
2.0;red;red;0.024330124;0.4140624;0.5616075
1.0;black;red;0.02433149;0.41403198;0.56163645
2.0;red;red;0.024322655;0.4139344;0.56174296
2.0;red;red;0.024317011;0.41398653;0.5616964
2.0;red;red;0.024308354;0.41389394;0.5617977
2.0;red;red;0.024295432;0.41387492;0.5618297
2.0;red;red;0.024287436;0.4136875;0.5620251
2.0;red;red;0.024249628;0.41344193;0.56230843
2.0;red;red;0.024252469;0.41345873;0.5622888
1.0;black;red;0.024223102;0.41343302;0.56234384
2.0;red;red;0.02423857;0.41308603;0.5626754
2.0;red;red;0.024251234;0.4131155;0.5626333
2.0;red;red;0.02419887;0.41322547;0.5625757
1.0;black;red;0.024204317;0.4129313;0.5628644
2.0;red;red;0.024200179;0.41299745;0.5628024
1.0;black;red;0.024211563;0.41274512;0.56304336
1.0;black;red;0.024210079;0.41295937;0.5628305
2.0;red;red;0.024218945;0.41279867;0.5629824
1.0;black;red;0.0242053;0.41298637;0.56280833
1.0;black;red;0.02422767;0.4130254;0.56274694
;?;red;0.0242681;0.41300505;0.5627269
